Position,Const,Created,Modified,Description,Title,Original Title,URL,Title Type,IMDb Rating,Runtime (mins),Year,Genres,Num Votes,Release Date,Directors,Your Rating,Date Rated
1,tt7366338,2022-02-11,2022-02-11,,"Chernobyl","Chernobyl",https://www.imdb.com/title/tt7366338/,TV Mini Series,9.3,60,2019,"Drama, History, Thriller",1006058,2019-05-07,,,
2,tt1492966,2022-02-11,2022-02-11,,"Louie","Louie",https://www.imdb.com/title/tt1492966/,TV Series,8.5,22,2010,"Comedy, Drama",84963,2013-01-22,,,
3,tt0028358,2022-02-11,2022-02-11,,"Things to Come","Things to Come",https://www.imdb.com/title/tt0028358/,Movie,6.6,117,1936,"Drama, Sci-Fi, War",9975,1936-09-14,"William Cameron Menzies",,
4,tt0060315,2022-03-18,2022-03-18,,"Django","Django",https://www.imdb.com/title/tt0060315/,Movie,7.2,91,1966,"Action, Drama, Western",33633,1966-09-23,"Sergio Corbucci",,
5,tt0109506,2022-04-08,2022-04-08,,"The Crow","The Crow",https://www.imdb.com/title/tt0109506/,Movie,7.5,102,1994,"Action, Crime, Drama, Fantasy, Horror, Thriller",228655,1994-06-10,"Alex Proyas",,
6,tt0113277,2022-05-15,2022-05-15,,"Heat","Heat",https://www.imdb.com/title/tt0113277/,Movie,8.3,170,1995,"Action, Crime, Drama",789061,1996-02-02,"Michael Mann",,
7,tt11138512,2022-05-15,2022-05-15,,"The Northman","The Northman",https://www.imdb.com/title/tt11138512/,Movie,7.0,137,2022,"Action, Adventure, Drama, Fantasy, History, Thriller",294368,2022-04-15,"Robert Eggers",,
8,tt14549466,2022-07-06,2022-07-06,,"Crimes of the Future","Crimes of the Future",https://www.imdb.com/title/tt14549466/,Movie,5.8,107,2022,"Drama, Horror, Sci-Fi, Thriller",46255,2022-09-09,"David Cronenberg",,
9,tt0079944,2022-07-06,2022-07-06,,"Stalker","Stalker",https://www.imdb.com/title/tt0079944/,Movie,8.0,162,1979,"Drama, Sci-Fi",155112,1981,"Andrei Tarkovsky",,
10,tt0066769,2022-07-24,2022-07-24,,"The Andromeda Strain","The Andromeda Strain",https://www.imdb.com/title/tt0066769/,Movie,7.2,131,1971,"Mystery, Sci-Fi, Thriller",43398,1971-03-12,"Robert Wise",,
11,tt2051879,2022-07-24,2022-07-24,,"Europa Report","Europa Report",https://www.imdb.com/title/tt2051879/,Movie,6.4,97,2013,"Drama, Mystery, Sci-Fi, Thriller",78707,2013-06-27,"Sebastián Cordero",,
12,tt2884206,2022-07-24,2022-07-24,,"I Origins","I Origins",https://www.imdb.com/title/tt2884206/,Movie,7.3,106,2014,"Drama, Mystery, Romance, Sci-Fi",139926,2014-09-25,"Mike Cahill",,
13,tt0756683,2022-07-24,2022-07-24,,"The Man from Earth","The Man from Earth",https://www.imdb.com/title/tt0756683/,Movie,7.8,87,2007,"Drama, Fantasy, Mystery, Sci-Fi",216336,2014-01-01,"Richard Schenkman",,
14,tt1371111,2022-07-24,2022-07-24,,"Cloud Atlas","Cloud Atlas",https://www.imdb.com/title/tt1371111/,Movie,7.3,172,2012,"Drama, Mystery, Sci-Fi, Thriller",384978,2013-02-22,"Tom Tykwer, Lana Wachowski, Lilly Wachowski",,
15,tt0181689,2022-07-24,2022-07-24,,"Minority Report","Minority Report",https://www.imdb.com/title/tt0181689/,Movie,7.6,145,2002,"Action, Crime, Mystery, Sci-Fi, Thriller",615921,2002-07-04,"Steven Spielberg",,
16,tt0052520,2022-07-25,2022-07-25,,"The Twilight Zone","The Twilight Zone",https://www.imdb.com/title/tt0052520/,TV Series,9.0,50,1959,"Drama, Fantasy, Horror, Mystery, Sci-Fi, Thriller",107215,1963-01-27,,,
17,tt1255953,2022-08-18,2022-08-18,,"Incendies","Incendies",https://www.imdb.com/title/tt1255953/,Movie,8.3,131,2010,"Drama, Mystery, War",244176,2011-01-12,"Denis Villeneuve",,
18,tt1935156,2022-08-21,2022-08-21,,"Jodorowsky's Dune","Jodorowsky's Dune",https://www.imdb.com/title/tt1935156/,Movie,8.0,90,2013,"Documentary",29172,2016-03-16,"Frank Pavich",,
19,tt0119675,2022-08-30,2022-08-30,,"Mimic","Mimic",https://www.imdb.com/title/tt0119675/,Movie,6.0,105,1997,"Horror, Sci-Fi",59131,1998-06-26,"Guillermo del Toro",,
20,tt8101850,2022-09-21,2022-09-21,,"Undone","Undone",https://www.imdb.com/title/tt8101850/,TV Series,8.2,30,2019,"Animation, Drama, Fantasy, Mystery, Sci-Fi",26204,2019-09-13,,,
21,tt1562872,2022-10-16,2022-10-16,,"Zindagi Na Milegi Dobara","Zindagi Na Milegi Dobara",https://www.imdb.com/title/tt1562872/,Movie,8.2,155,2011,"Comedy, Drama, Musical, Romance",94536,2011-07-15,"Zoya Akhtar",,
22,tt0080360,2022-10-24,2022-10-24,,"Altered States","Altered States",https://www.imdb.com/title/tt0080360/,Movie,6.9,102,1980,"Horror, Sci-Fi, Thriller",41884,1981-07-09,"Ken Russell",,
23,tt0088846,2022-10-24,2022-10-24,,"Brazil","Brazil",https://www.imdb.com/title/tt0088846/,Movie,7.8,132,1985,"Drama, Sci-Fi, Thriller",220870,1985-02-22,"Terry Gilliam",,
24,tt0094625,2022-10-24,2022-10-24,,"Akira","Akira",https://www.imdb.com/title/tt0094625/,Movie,8.0,124,1988,"Animation, Action, Drama, Fantasy, Sci-Fi",223193,1988-07-16,"Katsuhiro Ôtomo",,
25,tt4827558,2022-10-24,2022-10-24,,"High Life","High Life",https://www.imdb.com/title/tt4827558/,Movie,5.7,113,2018,"Drama, Sci-Fi, Thriller",44824,2019-05-10,"Claire Denis",,
26,tt5776858,2022-11-03,2022-11-03,,"Phantom Thread","Phantom Thread",https://www.imdb.com/title/tt5776858/,Movie,7.4,130,2017,"Drama, Romance",159436,2018-02-02,"Paul Thomas Anderson",,
27,tt0092627,2022-11-23,2022-11-23,,"The Bedroom Window","The Bedroom Window",https://www.imdb.com/title/tt0092627/,Movie,6.4,112,1987,"Crime, Drama, Mystery, Thriller",7701,1988-12-02,"Curtis Hanson",,
28,tt8291284,2022-12-06,2022-12-06,,"The Peripheral","The Peripheral",https://www.imdb.com/title/tt8291284/,TV Series,7.5,60,2022,"Drama, Mystery, Sci-Fi, Thriller",89944,2022-10-21,,,
29,tt5580390,2022-12-21,2022-12-21,,"The Shape of Water","The Shape of Water",https://www.imdb.com/title/tt5580390/,Movie,7.3,123,2017,"Drama, Fantasy, Romance, Sci-Fi",471080,2018-02-14,"Guillermo del Toro",,
30,tt3915174,2022-12-27,2022-12-27,,"Puss in Boots: The Last Wish","Puss in Boots: The Last Wish",https://www.imdb.com/title/tt3915174/,Movie,7.8,102,2022,"Animation, Action, Adventure, Comedy, Family, Fantasy",219130,2023-02-03,"Joel Crawford, Januel Mercado",,
31,tt0070460,2022-12-27,2022-12-27,,"Day for Night","La nuit américaine",https://www.imdb.com/title/tt0070460/,Movie,8.0,116,1973,"Comedy, Drama, Romance",26124,1973-11,"François Truffaut",,
32,tt0479824,2022-12-27,2022-12-27,,"Belle du Jour","Belle du Jour",https://www.imdb.com/title/tt0479824/,TV Series,7.8,30,2005,"News",8,2005-10-01,,,
33,tt0069495,2023-01-24,2023-01-24,,"What's Up, Doc?","What's Up, Doc?",https://www.imdb.com/title/tt0069495/,Movie,7.6,94,1972,"Comedy, Romance",29926,1972-08-13,"Peter Bogdanovich",,
34,tt13616990,2023-01-24,2023-01-24,,"Chainsaw Man","Chainsaw Man",https://www.imdb.com/title/tt13616990/,TV Series,8.3,24,2022,"Animation, Action, Comedy, Fantasy",94270,2022-10-25,,,
35,tt0268126,2023-02-21,2023-02-21,,"Adaptation.","Adaptation.",https://www.imdb.com/title/tt0268126/,Movie,7.7,115,2002,"Comedy, Drama",212654,2003-02-28,"Spike Jonze",,
36,tt7939766,2023-02-21,2023-02-21,,"I'm Thinking of Ending Things","I'm Thinking of Ending Things",https://www.imdb.com/title/tt7939766/,Movie,6.5,134,2020,"Drama, Thriller",108204,2020-09-04,"Charlie Kaufman",,
37,tt6752992,2023-02-21,2023-02-21,,"Happy as Lazzaro","Lazzaro felice",https://www.imdb.com/title/tt6752992/,Movie,7.5,128,2018,"Drama, Fantasy, Mystery",22962,2019-04-05,"Alice Rohrwacher",,
38,tt0130529,2023-03-29,2023-03-29,,"Cane Toads: An Unnatural History","Cane Toads: An Unnatural History",https://www.imdb.com/title/tt0130529/,Movie,7.6,47,1988,"Documentary, Comedy",1515,1988-06-09,"Mark Lewis",,
39,tt1972663,2023-03-30,2023-03-30,,"Into the Abyss","Into the Abyss",https://www.imdb.com/title/tt1972663/,Movie,7.3,107,2011,"Documentary, Crime, Drama",17924,2012-03-30,"Werner Herzog",,
40,tt7775622,2023-04-13,2023-04-13,,"Free Solo","Free Solo",https://www.imdb.com/title/tt7775622/,Movie,8.1,100,2018,"Documentary, Adventure, Sport",84493,2018-12-14,"Jimmy Chin, Elizabeth Chai Vasarhelyi",,
41,tt2098220,2023-06-19,2023-06-19,,"Hunter x Hunter","Hunter x Hunter",https://www.imdb.com/title/tt2098220/,TV Series,9.0,24,2011,"Animation, Action, Adventure, Comedy, Fantasy",185536,2014-08-01,,,
42,tt13706018,2023-06-19,2023-06-19,,"SPY×FAMILY","Supai Famirî",https://www.imdb.com/title/tt13706018/,TV Series,8.2,24,2022,"Animation, Action, Comedy, Thriller",58667,2022-04-09,,,
43,tt2953050,2023-07-11,2023-07-11,,"Encanto","Encanto",https://www.imdb.com/title/tt2953050/,Movie,7.2,102,2021,"Animation, Comedy, Family, Fantasy, Musical",292423,2021-11-24,"Jared Bush, Byron Howard, Charise Castro Smith",,
44,tt0485601,2023-07-13,2023-07-13,,"The Secret of Kells","The Secret of Kells",https://www.imdb.com/title/tt0485601/,Movie,7.5,71,2009,"Animation, Adventure, Family, Fantasy",40410,2010-10-01,"Tomm Moore, Nora Twomey",,
45,tt17009710,2023-07-16,2023-07-16,,"Anatomy of a Fall","Anatomie d'une chute",https://www.imdb.com/title/tt17009710/,Movie,7.6,151,2023,"Crime, Drama, Mystery, Thriller",204149,2023-11-10,"Justine Triet",,
46,tt14561712,2023-07-16,2023-07-16,,"La Chimera","La chimera",https://www.imdb.com/title/tt14561712/,Movie,7.3,131,2023,"Adventure, Comedy, Drama, Romance",20727,2024-05-10,"Alice Rohrwacher",,
47,tt26242614,2023-07-18,2023-07-18,,"Umberto Eco: A Library of the World","Umberto Eco: La biblioteca del mondo",https://www.imdb.com/title/tt26242614/,Movie,7.3,80,2022,"Documentary",378,2023-09-07,"Davide Ferrario",,
48,tt0072890,2023-07-22,2023-07-22,,"Dog Day Afternoon","Dog Day Afternoon",https://www.imdb.com/title/tt0072890/,Movie,8.0,125,1975,"Biography, Crime, Drama, Thriller",289139,1975-12-18,"Sidney Lumet",,
49,tt0078788,2023-07-22,2023-07-22,,"Apocalypse Now","Apocalypse Now",https://www.imdb.com/title/tt0078788/,Movie,8.4,147,1979,"Drama, Mystery, War",762778,1979-12-19,"Francis Ford Coppola",,
50,tt0070917,2023-07-22,2023-07-22,,"The Wicker Man","The Wicker Man",https://www.imdb.com/title/tt0070917/,Movie,7.5,88,1973,"Horror, Mystery, Thriller",104105,1973-12-06,"Robin Hardy",,
51,tt8760684,2023-07-22,2023-07-22,,"Apollo 11","Apollo 11",https://www.imdb.com/title/tt8760684/,Movie,8.1,93,2019,"Documentary, History",28399,2019-03-01,"Todd Douglas Miller",,
52,tt0113101,2023-07-27,2023-07-27,,"Four Rooms","Four Rooms",https://www.imdb.com/title/tt0113101/,Movie,6.7,98,1995,"Comedy",116145,1995-12-26,"Allison Anders, Alexandre Rockwell, Robert Rodriguez, Quentin Tarantino, Chuck Jones",,
53,tt0105236,2023-08-06,2023-08-06,,"Reservoir Dogs","Reservoir Dogs",https://www.imdb.com/title/tt0105236/,Movie,8.3,99,1992,"Crime, Thriller",1159172,1993-01-15,"Quentin Tarantino",,
54,tt1028528,2023-08-06,2023-08-06,,"Death Proof","Death Proof",https://www.imdb.com/title/tt1028528/,Movie,7.0,127,2007,"Drama, Thriller",331251,2007-09-21,"Quentin Tarantino",,
55,tt1748122,2023-08-06,2023-08-06,,"Moonrise Kingdom","Moonrise Kingdom",https://www.imdb.com/title/tt1748122/,Movie,7.8,94,2012,"Adventure, Comedy, Drama, Fantasy, Romance",380483,2012-05-25,"Wes Anderson",,
56,tt0060107,2023-08-06,2023-08-06,,"Andrei Rublev","Andrey Rublyov",https://www.imdb.com/title/tt0060107/,Movie,8.0,189,1966,"Biography, Drama, History",60021,1973-08-13,"Andrei Tarkovsky",,
57,tt0091670,2023-08-06,2023-08-06,,"The Sacrifice","Offret",https://www.imdb.com/title/tt0091670/,Movie,7.9,149,1986,"Drama",34479,1986-05-09,"Andrei Tarkovsky",,
58,tt0072443,2023-08-06,2023-08-06,,"Mirror","Zerkalo",https://www.imdb.com/title/tt0072443/,Movie,7.9,107,1975,"Biography, Drama",56829,1980,"Andrei Tarkovsky",,
59,tt0082075,2023-08-31,2023-08-31,,"Bill","Bill",https://www.imdb.com/title/tt0082075/,TV Movie,7.9,97,1981,"Biography, Drama",826,1981-12-22,"Anthony Page",,
60,tt0085247,2023-08-31,2023-08-31,,"Bill: On His Own","Bill: On His Own",https://www.imdb.com/title/tt0085247/,TV Movie,7.4,96,1983,"Biography, Drama",370,1983-11-09,"Anthony Page",,
61,tt0062794,2023-08-31,2023-08-31,,"Charly","Charly",https://www.imdb.com/title/tt0062794/,Movie,6.9,103,1968,"Drama, Romance, Sci-Fi",7718,1968-09-23,"Ralph Nelson",,
62,tt1278469,2023-09-02,2023-09-02,,"Temple Grandin","Temple Grandin",https://www.imdb.com/title/tt1278469/,TV Movie,8.2,107,2010,"Biography, Drama",36128,2010-02-06,"Mick Jackson",,
63,tt13521006,2023-09-14,2023-09-14,,"Beau Is Afraid","Beau Is Afraid",https://www.imdb.com/title/tt13521006/,Movie,6.6,179,2023,"Comedy, Drama, Horror, Thriller",77139,2023-05-19,"Ari Aster",,
64,tt7322224,2023-09-18,2023-09-18,,"Triangle of Sadness","Triangle of Sadness",https://www.imdb.com/title/tt7322224/,Movie,7.2,147,2022,"Comedy, Drama",212011,2022-10-28,"Ruben Östlund",,
65,tt1587707,2023-09-19,2023-09-19,,"Exit Through the Gift Shop","Exit Through the Gift Shop",https://www.imdb.com/title/tt1587707/,Movie,7.9,87,2010,"Documentary, Comedy, Crime, History",70612,2010-03-05,"Banksy",,
66,tt0098084,2023-11-02,2023-11-02,,"Pet Sematary","Pet Sematary",https://www.imdb.com/title/tt0098084/,Movie,6.5,103,1989,"Fantasy, Horror, Thriller",122910,1989-11-17,"Mary Lambert",,
67,tt0072684,2023-11-07,2023-11-07,,"Barry Lyndon","Barry Lyndon",https://www.imdb.com/title/tt0072684/,Movie,8.1,185,1975,"Adventure, Drama, War",201302,1975-12-18,"Stanley Kubrick",,
68,tt0047478,2023-11-07,2023-11-07,,"Seven Samurai","Shichinin no samurai",https://www.imdb.com/title/tt0047478/,Movie,8.6,207,1954,"Action, Drama",398254,1954-04-26,"Akira Kurosawa",,
69,tt0054632,2023-11-07,2023-11-07,,"Last Year at Marienbad","L'année dernière à Marienbad",https://www.imdb.com/title/tt0054632/,Movie,7.6,94,1961,"Drama, Mystery, Romance",26691,1962-02-22,"Alain Resnais",,
70,tt0034583,2023-11-07,2023-11-07,,"Casablanca","Casablanca",https://www.imdb.com/title/tt0034583/,Movie,8.5,102,1942,"Drama, Romance, War",649868,1943-01-23,"Michael Curtiz",,
71,tt0146882,2023-11-07,2023-11-07,,"High Fidelity","High Fidelity",https://www.imdb.com/title/tt0146882/,Movie,7.4,113,2000,"Comedy, Drama, Music, Romance",198069,2000-07-21,"Stephen Frears",,
72,tt1355642,2023-11-11,2023-11-11,,"Fullmetal Alchemist: Brotherhood","Hagane no renkinjutsushi",https://www.imdb.com/title/tt1355642/,TV Series,9.1,24,2009,"Animation, Action, Adventure, Comedy, Drama, Fantasy, Sci-Fi",240435,2009-04-05,,,
73,tt0096257,2023-11-14,2023-11-14,,"The Thin Blue Line","The Thin Blue Line",https://www.imdb.com/title/tt0096257/,Movie,7.9,101,1988,"Documentary, Crime",27428,1989-09-20,"Errol Morris",,
74,tt0098213,2023-11-14,2023-11-14,,"Roger & Me","Roger & Me",https://www.imdb.com/title/tt0098213/,Movie,7.5,91,1989,"Documentary",28155,1990-04-27,"Michael Moore",,
75,tt2375605,2023-11-14,2023-11-14,,"The Act of Killing","The Act of Killing",https://www.imdb.com/title/tt2375605/,Movie,8.2,117,2012,"Documentary, Biography, Crime, History, War",43729,2013-06-28,"Joshua Oppenheimer, Anonymous, Christine Cynn",,
76,tt0112913,2023-11-20,2023-11-20,,"Fallen Angels","Do lok tin si",https://www.imdb.com/title/tt0112913/,Movie,7.5,99,1995,"Comedy, Crime, Drama, Romance",59263,1996-09-06,"Wong Kar-Wai",,
77,tt2316204,2023-11-24,2023-11-24,,"Alien: Covenant","Alien: Covenant",https://www.imdb.com/title/tt2316204/,Movie,6.4,122,2017,"Horror, Sci-Fi, Thriller",341109,2017-05-12,"Ridley Scott",,
78,tt2267446,2023-11-30,2023-11-30,,"Uchû kyôdai","Uchû kyôdai",https://www.imdb.com/title/tt2267446/,TV Series,8.2,24,2012,"Animation, Comedy, Sci-Fi",662,2012-04-01,,,
79,tt26737616,2023-12-04,2023-12-04,,"Pluto","Pluto",https://www.imdb.com/title/tt26737616/,TV Mini Series,8.1,62,2023,"Animation, Action, Drama, Mystery, Sci-Fi, Thriller",19313,2023-10-26,,,
80,tt2077761,2023-12-13,2023-12-13,,"Heart of Sky, Heart of Earth","Herz des Himmels, Herz der Erde",https://www.imdb.com/title/tt2077761/,Movie,7.3,98,2011,"Documentary",55,2011-12-01,"Eric Black, Frauke Sandig",,
81,tt10334160,2023-12-14,2023-12-14,,"Falling Into Place","Falling Into Place",https://www.imdb.com/title/tt10334160/,Movie,6.3,113,2023,"Drama, Romance",476,2023-12-07,"Aylin Tezel",,
82,tt0106697,2023-12-19,2023-12-19,,"Demolition Man","Demolition Man",https://www.imdb.com/title/tt0106697/,Movie,6.7,115,1993,"Action, Sci-Fi, Thriller",206986,1993-11-12,"Marco Brambilla",,
83,tt2013293,2024-01-01,2024-01-01,,"The Wind Rises","Kaze tachinu",https://www.imdb.com/title/tt2013293/,Movie,7.8,126,2013,"Animation, Biography, Drama, History, Romance, War",110991,2014-05-09,"Hayao Miyazaki",,
84,tt1857816,2024-01-11,2024-01-11,,"Mr. Dough and the Egg Princess","Pan-dane to tamago-hime",https://www.imdb.com/title/tt1857816/,Short,7.5,12,2010,"Animation, Short, Adventure, Family, Fantasy",960,2010-11-20,"Hayao Miyazaki",,
85,tt1136617,2024-01-15,2024-01-15,,"The Killer","The Killer",https://www.imdb.com/title/tt1136617/,Movie,6.7,118,2023,"Action, Adventure, Crime, Drama, Thriller",219639,2023-11-10,"David Fincher",,
86,tt10366206,2024-01-15,2024-01-15,,"John Wick: Chapter 4","John Wick: Chapter 4",https://www.imdb.com/title/tt10366206/,Movie,7.6,169,2023,"Action, Crime, Thriller",402943,2023-03-24,"Chad Stahelski",,
87,tt0082933,2024-01-20,2024-01-20,,"Possession","Possession",https://www.imdb.com/title/tt0082933/,Movie,7.2,124,1981,"Drama, Horror",54976,1981-05-27,"Andrzej Zulawski",,
88,tt0423731,2024-01-25,2024-01-25,,"Samurai Champloo","Samurai Chanpurû",https://www.imdb.com/title/tt0423731/,TV Series,8.5,24,2004,"Animation, Action, Adventure, Comedy, Drama, Thriller",62503,2004-05-19,,,
89,tt0074559,2024-01-26,2024-01-26,,"Futureworld","Futureworld",https://www.imdb.com/title/tt0074559/,Movie,5.7,108,1976,"Sci-Fi, Thriller",12737,1976-10-24,"Richard T. Heffron",,
90,tt0983213,2024-01-29,2024-01-29,,"5 Centimeters per Second","Byôsoku 5 senchimêtoru",https://www.imdb.com/title/tt0983213/,Movie,7.4,63,2007,"Animation, Drama, Family, Romance",69770,2007-03-03,"Makoto Shinkai",,
91,tt2401878,2024-01-29,2024-01-29,,"Anomalisa","Anomalisa",https://www.imdb.com/title/tt2401878/,Movie,7.2,90,2015,"Animation, Comedy, Drama, Romance",78271,2016-03-11,"Duke Johnson, Charlie Kaufman",,
92,tt13238346,2024-02-01,2024-02-01,,"Past Lives","Past Lives",https://www.imdb.com/title/tt13238346/,Movie,7.8,105,2023,"Drama, Romance",167147,2023-09-08,"Celine Song",,
93,tt1236194,2024-02-02,2024-02-02,,"Flicker","Flicker",https://www.imdb.com/title/tt1236194/,Movie,6.4,75,2008,"Documentary",141,2008-04-23,"Nik Sheehan",,
94,tt0270288,2024-02-05,2024-02-05,,"Confessions of a Dangerous Mind","Confessions of a Dangerous Mind",https://www.imdb.com/title/tt0270288/,Movie,7.0,113,2002,"Biography, Comedy, Crime, Drama, Romance, Thriller",95048,2003-03-14,"George Clooney",,
95,tt6083344,2024-02-06,2024-02-06,,"Terence McKenna's True Hallucinations","Terence McKenna's True Hallucinations",https://www.imdb.com/title/tt6083344/,Movie,8.1,,2016,"Documentary",185,2016-03-04,"Peter Bergmann",,
96,tt8741290,2024-02-14,2024-02-14,,"Tales from the Loop","Tales from the Loop",https://www.imdb.com/title/tt8741290/,TV Series,7.4,50,2020,"Drama, Sci-Fi",26043,2020-04-03,,,
97,tt21192142,2024-02-24,2024-02-24,,"All of Us Strangers","All of Us Strangers",https://www.imdb.com/title/tt21192142/,Movie,7.6,105,2023,"Drama, Romance",76953,2024-01-26,"Andrew Haigh",,
98,tt4955642,2024-02-29,2024-02-29,,"The Good Place","The Good Place",https://www.imdb.com/title/tt4955642/,TV Series,8.2,22,2016,"Comedy, Drama, Fantasy, Mystery, Romance",216265,2017-09-21,,,
99,tt9455546,2024-03-06,2024-03-06,,"Athabasca","Athabasca",https://www.imdb.com/title/tt9455546/,Video,,11,2019,"Documentary, Short",0,2019-01-26,"Michel Wenzer, Philippe Leonard",,
100,tt0102744,2024-03-07,2024-03-07,,"Quigley Down Under","Quigley Down Under",https://www.imdb.com/title/tt0102744/,Movie,6.9,119,1990,"Action, Adventure, Drama, Romance, Western",27012,1991-04-05,"Simon Wincer",,
101,tt7946422,2024-03-20,2024-03-20,,"Prospect","Prospect",https://www.imdb.com/title/tt7946422/,Movie,6.3,100,2018,"Adventure, Drama, Sci-Fi, Thriller",39816,2019-04-29,"Christopher Caldwell, Zeek Earl",,
102,tt7472896,2024-04-09,2024-04-09,,"Mr Inbetween","Mr Inbetween",https://www.imdb.com/title/tt7472896/,TV Series,8.7,30,2018,"Comedy, Crime, Drama",45659,2020-10-29,,,
103,tt11581002,2024-04-11,2024-04-11,,"In Silico","In Silico",https://www.imdb.com/title/tt11581002/,Movie,7.1,83,2020,"Documentary",68,2021-04-30,"Noah Hutton",,
104,tt8760932,2024-06-04,2024-06-04,,"Nine Perfect Strangers","Nine Perfect Strangers",https://www.imdb.com/title/tt8760932/,TV Series,6.9,50,2021,"Drama, Mystery, Thriller",73032,2021-08-20,,,
105,tt0109424,2024-06-23,2024-06-23,,"Chungking Express","Chung Hing sam lam",https://www.imdb.com/title/tt0109424/,Movie,7.9,102,1994,"Comedy, Crime, Drama, Mystery, Romance",108739,1995-09-15,"Wong Kar-Wai",,
106,tt2798920,2024-07-09,2024-07-09,,"Annihilation","Annihilation",https://www.imdb.com/title/tt2798920/,Movie,6.8,115,2018,"Adventure, Drama, Horror, Mystery, Sci-Fi, Thriller",389471,2018-03-12,"Alex Garland",,
107,tt0118929,2024-07-09,2024-07-09,,"Dark City","Dark City",https://www.imdb.com/title/tt0118929/,Movie,7.5,100,1998,"Fantasy, Mystery, Sci-Fi, Thriller",224358,1998-05-29,"Alex Proyas",,
108,tt0089469,2024-07-09,2024-07-09,,"Legend","Legend",https://www.imdb.com/title/tt0089469/,Movie,6.3,94,1985,"Adventure, Fantasy, Romance",78914,1986-03-14,"Ridley Scott",,
109,tt8694364,2024-07-09,2024-07-09,,"Years and Years","Years and Years",https://www.imdb.com/title/tt8694364/,TV Mini Series,8.3,60,2019,"Drama, Sci-Fi",36894,2019-05-14,,,
110,tt1226837,2024-07-15,2024-07-15,,"Beautiful Boy","Beautiful Boy",https://www.imdb.com/title/tt1226837/,Movie,7.4,120,2018,"Biography, Drama",123936,2019-01-18,"Felix van Groeningen",,
111,tt0262150,2024-07-15,2024-07-15,,"Black Books","Black Books",https://www.imdb.com/title/tt0262150/,TV Series,8.4,25,2000,"Comedy",64066,2000-09-29,,,
112,tt0096163,2024-07-19,2024-07-19,,"The Vanishing","Spoorloos",https://www.imdb.com/title/tt0096163/,Movie,7.6,107,1988,"Mystery, Thriller",53774,1990-06-01,"George Sluizer",,
113,tt1149362,2024-07-28,2024-07-28,,"The White Ribbon","Das weiße Band - Eine deutsche Kindergeschichte",https://www.imdb.com/title/tt1149362/,Movie,7.8,144,2009,"Drama, Mystery, Thriller",81006,2009-11-13,"Michael Haneke",,
114,tt8652728,2024-07-28,2024-07-28,,"Waves","Waves",https://www.imdb.com/title/tt8652728/,Movie,7.5,135,2019,"Drama, Romance, Sport",37045,2020-01-17,"Trey Edward Shults",,
115,tt1660648,2024-08-30,2024-08-30,,"Ricky Stanicky","Ricky Stanicky",https://www.imdb.com/title/tt1660648/,Movie,6.2,113,2024,"Comedy",60460,2024-03-07,"Peter Farrelly",,
116,tt0095327,2024-09-04,2024-09-04,,"Grave of the Fireflies","Hotaru no haka",https://www.imdb.com/title/tt0095327/,Movie,8.5,88,1988,"Animation, Drama, War",375403,1989-04-07,"Isao Takahata",,
117,tt0110008,2024-09-19,2024-09-19,,"Pom Poko","Heisei tanuki gassen ponpoko",https://www.imdb.com/title/tt0110008/,Movie,7.2,119,1994,"Animation, Comedy, Drama, Family, Fantasy",38282,1995-11-24,"Isao Takahata",,
118,tt21047514,2024-10-21,2024-10-21,,"Make Some Noise","Make Some Noise",https://www.imdb.com/title/tt21047514/,TV Series,8.9,,2022,"Comedy, Game-Show",931,2022-06-13,,,
119,tt0068638,2024-11-12,2024-11-12,,"The Getaway","The Getaway",https://www.imdb.com/title/tt0068638/,Movie,7.3,123,1972,"Action, Crime, Thriller",38145,1973-01-25,"Sam Peckinpah",,
120,tt0065380,2024-11-14,2024-11-14,,"Alex in Wonderland","Alex in Wonderland",https://www.imdb.com/title/tt0065380/,Movie,5.4,110,1970,"Comedy, Drama",1073,2019-02-22,"Paul Mazursky",,
121,tt0069704,2024-11-14,2024-11-14,,"American Graffiti","American Graffiti",https://www.imdb.com/title/tt0069704/,Movie,7.4,110,1973,"Comedy, Drama",104645,1974-03-28,"George Lucas",,
122,tt0067328,2024-11-14,2024-11-14,,"The Last Picture Show","The Last Picture Show",https://www.imdb.com/title/tt0067328/,Movie,8.0,118,1971,"Drama, Romance",56381,1972-03,"Peter Bogdanovich",,
123,tt0075860,2024-11-14,2024-11-14,,"Close Encounters of the Third Kind","Close Encounters of the Third Kind",https://www.imdb.com/title/tt0075860/,Movie,7.6,138,1977,"Drama, Sci-Fi",230860,1978-03-14,"Steven Spielberg",,
124,tt0062765,2024-11-14,2024-11-14,,"Bullitt","Bullitt",https://www.imdb.com/title/tt0062765/,Movie,7.4,114,1968,"Action, Crime, Thriller",80886,1968-10-17,"Peter Yates",,
125,tt0067116,2024-11-14,2024-11-14,,"The French Connection","The French Connection",https://www.imdb.com/title/tt0067116/,Movie,7.7,104,1971,"Action, Crime, Drama, Thriller",148939,1972-01-18,"William Friedkin",,
126,tt0065528,2024-11-14,2024-11-14,,"Catch-22","Catch-22",https://www.imdb.com/title/tt0065528/,Movie,7.1,122,1970,"Comedy, Drama, War",28092,1970-09-18,"Mike Nichols",,
127,tt0359715,2024-11-24,2024-11-24,,"My Best Friend's Birthday","My Best Friend's Birthday",https://www.imdb.com/title/tt0359715/,Movie,5.5,69,1987,"Comedy",5047,1987-01-01,"Quentin Tarantino",,
128,tt15339456,2024-11-25,2024-11-25,,"Marcel the Shell with Shoes On","Marcel the Shell with Shoes On",https://www.imdb.com/title/tt15339456/,Movie,7.6,90,2021,"Animation, Comedy, Drama, Family, Fantasy",33195,2023-02-17,"Dean Fleischer Camp",,
129,tt0057012,2024-11-27,2024-11-27,,"Dr. Strangelove or: How I Learned to Stop Worrying and Love the Bomb","Dr. Strangelove or: How I Learned to Stop Worrying and Love the Bomb",https://www.imdb.com/title/tt0057012/,Movie,8.3,95,1964,"Comedy, War",547815,1964-01-29,"Stanley Kubrick",,
130,tt0049406,2024-11-27,2024-11-27,,"The Killing","The Killing",https://www.imdb.com/title/tt0049406/,Movie,7.9,84,1956,"Crime, Drama, Film-Noir, Thriller",104749,1956-07-21,"Stanley Kubrick",,
131,tt6019206,2024-11-28,2024-11-28,,"Kill Bill: The Whole Bloody Affair","Kill Bill: The Whole Bloody Affair",https://www.imdb.com/title/tt6019206/,Movie,8.8,275,2006,"Action, Crime, Thriller",24941,2025-12-05,"Quentin Tarantino",,
132,tt0212720,2024-12-01,2024-12-01,,"A.I. Artificial Intelligence","A.I. Artificial Intelligence",https://www.imdb.com/title/tt0212720/,Movie,7.2,146,2001,"Adventure, Drama, Sci-Fi",336623,2001-09-21,"Steven Spielberg",,
133,tt0093058,2024-12-02,2024-12-02,,"Full Metal Jacket","Full Metal Jacket",https://www.imdb.com/title/tt0093058/,Movie,8.2,116,1987,"Drama, War",842522,1987-09-11,"Stanley Kubrick",,
134,tt0050825,2024-12-02,2024-12-02,,"Paths of Glory","Paths of Glory",https://www.imdb.com/title/tt0050825/,Movie,8.4,88,1957,"Drama, War",236407,1957-12-20,"Stanley Kubrick",,
135,tt0033467,2024-12-03,2024-12-03,,"Citizen Kane","Citizen Kane",https://www.imdb.com/title/tt0033467/,Movie,8.2,119,1941,"Drama, Mystery",490461,1941-09-05,"Orson Welles",,
136,tt0054215,2024-12-03,2024-12-03,,"Psycho","Psycho",https://www.imdb.com/title/tt0054215/,Movie,8.5,109,1960,"Drama, Horror, Mystery, Thriller",777959,1960-09-08,"Alfred Hitchcock",,
137,tt21097228,2024-12-04,2024-12-04,,"A Different Man","A Different Man",https://www.imdb.com/title/tt21097228/,Movie,6.9,112,2024,"Drama, Thriller",36421,2024-10-04,"Aaron Schimberg",,
138,tt30319503,2024-12-04,2024-12-04,,"Didi","Dìdi",https://www.imdb.com/title/tt30319503/,Movie,7.3,93,2024,"Comedy, Drama",15374,2024-08-02,"Sean Wang",,
139,tt22248376,2024-12-04,2024-12-04,,"Frieren: Beyond Journey's End","Sôsô no Furîren",https://www.imdb.com/title/tt22248376/,TV Series,8.9,25,2023,"Animation, Adventure, Comedy, Drama, Fantasy",63227,2023-10-27,,,
140,tt12818328,2024-12-04,2024-12-04,,"Hundreds of Beavers","Hundreds of Beavers",https://www.imdb.com/title/tt12818328/,Movie,7.6,108,2022,"Action, Adventure, Comedy",15720,2024-04-15,"Mike Cheslik",,
141,tt0243017,2024-12-04,2024-12-04,,"Waking Life","Waking Life",https://www.imdb.com/title/tt0243017/,Movie,7.6,99,2001,"Animation, Drama, Fantasy",69191,2002-04-19,"Richard Linklater",,
142,tt22022452,2024-12-09,2024-12-09,,"Inside Out 2","Inside Out 2",https://www.imdb.com/title/tt22022452/,Movie,7.5,96,2024,"Animation, Adventure, Comedy, Drama, Family, Fantasy, Sport",241898,2024-06-14,"Kelsey Mann",,
143,tt2278871,2024-12-09,2024-12-09,,"Blue Is the Warmest Colour","La vie d'Adèle",https://www.imdb.com/title/tt2278871/,Movie,7.6,180,2013,"Drama, Romance",171975,2013-11-22,"Abdellatif Kechiche",,
144,tt0017136,2024-12-12,2024-12-12,,"Metropolis","Metropolis",https://www.imdb.com/title/tt0017136/,Movie,8.2,153,1927,"Drama, Sci-Fi",199319,1927-09-26,"Fritz Lang",,
145,tt0129167,2024-12-13,2024-12-13,,"The Iron Giant","The Iron Giant",https://www.imdb.com/title/tt0129167/,Movie,8.1,86,1999,"Animation, Action, Adventure, Comedy, Drama, Family, Sci-Fi",255729,1999-12-17,"Brad Bird",,
146,tt0175880,2024-12-13,2024-12-13,,"Magnolia","Magnolia",https://www.imdb.com/title/tt0175880/,Movie,8.0,188,1999,"Drama",347102,2000-03-24,"Paul Thomas Anderson",,
147,tt1389371,2024-12-15,2024-12-15,,"Rubicon","Rubicon",https://www.imdb.com/title/tt1389371/,TV Series,7.9,45,2010,"Crime, Drama, Mystery, Thriller",11537,2011-04-07,,,
148,tt2699128,2024-12-15,2024-12-15,,"The Leftovers","The Leftovers",https://www.imdb.com/title/tt2699128/,TV Series,8.3,60,2014,"Drama, Fantasy, Mystery, Thriller",127661,2014-09-18,,,
149,tt2965412,2024-12-15,2024-12-15,,"Comet","Comet",https://www.imdb.com/title/tt2965412/,Movie,6.7,91,2014,"Comedy, Drama, Romance, Sci-Fi",20297,2014-12-05,"Sam Esmail",,
150,tt11897688,2024-12-15,2024-12-15,,"The Resort","The Resort",https://www.imdb.com/title/tt11897688/,TV Series,7.3,35,2022,"Comedy, Mystery, Thriller",14392,2022-07-28,,,
151,tt11834592,2024-12-15,2024-12-15,,"Gaslit","Gaslit",https://www.imdb.com/title/tt11834592/,TV Mini Series,7.3,60,2022,"Biography, Drama, History",8459,2022-04-25,,,
152,tt0093870,2024-12-17,2024-12-17,,"RoboCop","RoboCop",https://www.imdb.com/title/tt0093870/,Movie,7.6,102,1987,"Action, Crime, Sci-Fi, Thriller",305107,1988-02-05,"Paul Verhoeven",,
153,tt0119488,2024-12-17,2024-12-17,,"L.A. Confidential","L.A. Confidential",https://www.imdb.com/title/tt0119488/,Movie,8.2,138,1997,"Crime, Drama, Mystery, Thriller",653915,1997-10-31,"Curtis Hanson",,
154,tt27657135,2024-12-26,2024-12-26,,"Saturday Night","Saturday Night",https://www.imdb.com/title/tt27657135/,Movie,6.9,109,2024,"Biography, Comedy, Drama, History",37574,2025-01-31,"Jason Reitman",,
155,tt23770030,2024-12-27,2024-12-27,,"Memoir of a Snail","Memoir of a Snail",https://www.imdb.com/title/tt23770030/,Movie,7.8,95,2024,"Animation, Drama",24047,2025-02-14,"Adam Elliot",,
156,tt0089603,2024-12-30,2024-12-30,,"Mishima: A Life in Four Chapters","Mishima: A Life in Four Chapters",https://www.imdb.com/title/tt0089603/,Movie,7.9,120,1985,"Biography, Drama",16308,1985,"Paul Schrader",,
157,tt16311594,2025-01-04,2025-01-04,,"F1","F1",https://www.imdb.com/title/tt16311594/,Movie,7.7,155,2025,"Action, Drama, Sport",291986,2025-06-25,"Joseph Kosinski",,
158,tt4772188,2025-01-06,2025-01-06,,"Flow","Straume",https://www.imdb.com/title/tt4772188/,Movie,7.9,85,2024,"Animation, Adventure, Family, Fantasy",120575,2025-03-21,"Gints Zilbalodis",,
159,tt0094964,2025-01-12,2025-01-12,,"Dead Ringers","Dead Ringers",https://www.imdb.com/title/tt0094964/,Movie,7.2,116,1988,"Drama, Horror, Thriller",58206,1989-01-06,"David Cronenberg",,
160,tt0120907,2025-01-12,2025-01-12,,"eXistenZ","eXistenZ",https://www.imdb.com/title/tt0120907/,Movie,6.8,97,1999,"Horror, Mystery, Sci-Fi, Thriller",112672,1999-04-30,"David Cronenberg",,
161,tt0765443,2025-01-12,2025-01-12,,"Eastern Promises","Eastern Promises",https://www.imdb.com/title/tt0765443/,Movie,7.6,100,2007,"Crime, Drama, Thriller",275502,2007-10-26,"David Cronenberg",,
162,tt2172584,2025-01-12,2025-01-12,,"Maps to the Stars","Maps to the Stars",https://www.imdb.com/title/tt2172584/,Movie,6.2,111,2014,"Comedy, Drama, Mystery",44375,2014-09-26,"David Cronenberg",,
163,tt0166924,2025-01-16,2025-01-16,,"Mulholland Drive","Mulholland Dr.",https://www.imdb.com/title/tt0166924/,Movie,7.9,147,2001,"Drama, Mystery, Thriller",421761,2002-01-04,"David Lynch",,
164,tt0460829,2025-01-16,2025-01-16,,"Inland Empire","Inland Empire",https://www.imdb.com/title/tt0460829/,Movie,6.8,180,2006,"Drama, Fantasy, Mystery, Thriller",68058,2007-03-09,"David Lynch",,
165,tt0090756,2025-01-16,2025-01-16,,"Blue Velvet","Blue Velvet",https://www.imdb.com/title/tt0090756/,Movie,7.7,120,1986,"Crime, Drama, Mystery, Thriller",240809,1987-04-10,"David Lynch",,
166,tt0069733,2025-01-30,2025-01-30,,"The Ascent of Man","The Ascent of Man",https://www.imdb.com/title/tt0069733/,TV Mini Series,8.8,50,1973,"Documentary, History",966,1973-05-05,,,
167,tt1937390,2025-01-30,2025-01-30,,"Nymphomaniac: Vol. I","Nymphomaniac: Vol. I",https://www.imdb.com/title/tt1937390/,Movie,6.9,117,2013,"Drama",137659,2014-02-22,"Lars von Trier",,
168,tt0086022,2025-01-30,2025-01-30,,"Nostalgia","Nostalghia",https://www.imdb.com/title/tt0086022/,Movie,7.9,125,1983,"Drama",32720,1983-06-02,"Andrei Tarkovsky",,
169,tt22408160,2025-02-04,2025-02-04,,"Kinds of Kindness","Kinds of Kindness",https://www.imdb.com/title/tt22408160/,Movie,6.4,164,2024,"Comedy, Drama, Horror",68726,2024-06-28,"Yorgos Lanthimos",,
170,tt28015403,2025-02-05,2025-02-05,,"Heretic","Heretic",https://www.imdb.com/title/tt28015403/,Movie,7.0,111,2024,"Horror, Thriller",213439,2024-11-01,"Scott Beck, Bryan Woods",,
171,tt12899886,2025-02-09,2025-02-09,,"George Carlin's American Dream","George Carlin's American Dream",https://www.imdb.com/title/tt12899886/,TV Series,8.3,217,2022,"Documentary, Biography, Comedy",4418,2022-05-20,,9,2022-09-08
172,tt0168629,2025-02-09,2025-02-09,,"Dancer in the Dark","Dancer in the Dark",https://www.imdb.com/title/tt0168629/,Movie,7.9,135,2000,"Crime, Drama, Musical",122934,2000-09-15,"Lars von Trier",,
173,tt19854690,2025-02-10,2025-02-10,,"Eno","Eno",https://www.imdb.com/title/tt19854690/,Movie,8.0,85,2024,"Documentary, Music",346,2024-06-16,"Gary Hustwit",,
174,tt0099685,2025-02-10,2025-02-10,,"GoodFellas","GoodFellas",https://www.imdb.com/title/tt0099685/,Movie,8.7,145,1990,"Biography, Crime, Drama",1372363,1990-10-26,"Martin Scorsese",,
175,tt0100234,2025-02-10,2025-02-10,,"Close-Up","Nema-ye nazdik",https://www.imdb.com/title/tt0100234/,Movie,8.2,98,1990,"Biography, Crime, Drama",26303,1991-10-30,"Abbas Kiarostami",,
176,tt0103905,2025-02-10,2025-02-10,,"Man Bites Dog","C'est arrivé près de chez vous",https://www.imdb.com/title/tt0103905/,Movie,7.4,95,1992,"Comedy, Crime, Drama",45861,1993-01-15,"Rémy Belvaux, André Bonzel, Benoît Poelvoorde",,
177,tt0104684,2025-02-10,2025-02-10,,"Hard Boiled","Lat sau san taam",https://www.imdb.com/title/tt0104684/,Movie,7.7,128,1992,"Action, Crime, Thriller",58099,1993-10-08,"John Woo",,
178,tt0123948,2025-02-10,2025-02-10,,"Cure","Cure",https://www.imdb.com/title/tt0123948/,Movie,7.5,111,1997,"Crime, Horror, Mystery, Thriller",35875,1997-12-27,"Kiyoshi Kurosawa",,
179,tt0209933,2025-02-10,2025-02-10,,"Beau travail","Beau travail",https://www.imdb.com/title/tt0209933/,Movie,7.3,92,1999,"Drama, War",17731,2000-05-03,"Claire Denis",,
180,tt0165798,2025-02-10,2025-02-10,,"Ghost Dog: The Way of the Samurai","Ghost Dog: The Way of the Samurai",https://www.imdb.com/title/tt0165798/,Movie,7.5,116,1999,"Crime, Drama",102981,2000-04-28,"Jim Jarmusch",,
181,tt0081398,2025-02-12,2025-02-12,,"Raging Bull","Raging Bull",https://www.imdb.com/title/tt0081398/,Movie,8.1,129,1980,"Biography, Drama, Sport",406077,1981-02-19,"Martin Scorsese",,
182,tt0208502,2025-02-12,2025-02-12,,"Angel's Egg","Tenshi no tamago",https://www.imdb.com/title/tt0208502/,Video,7.5,71,1985,"Animation, Drama, Fantasy, Mystery, Sci-Fi",15717,2025-12-22,"Mamoru Oshii",,
183,tt0068646,2025-02-12,2025-02-12,,"The Godfather","The Godfather",https://www.imdb.com/title/tt0068646/,Movie,9.2,175,1972,"Crime, Drama",2195722,1972-08-24,"Francis Ford Coppola",,
184,tt0071360,2025-02-12,2025-02-12,,"The Conversation","The Conversation",https://www.imdb.com/title/tt0071360/,Movie,7.7,113,1974,"Drama, Mystery, Thriller",135133,1974-04-12,"Francis Ford Coppola",,
185,tt0253474,2025-02-15,2025-02-15,,"The Pianist","The Pianist",https://www.imdb.com/title/tt0253474/,Movie,8.5,150,2002,"Biography, Drama, Music, War",1000164,2003-01-24,"Roman Polanski",,
186,tt0476108,2025-03-14,2025-03-14,,"Reeling in the Years","Reeling in the Years",https://www.imdb.com/title/tt0476108/,TV Series,9.2,30,1999,"Documentary, History",200,1999-09-06,,,
187,tt0899043,2025-03-18,2025-03-18,,"The Amateur","The Amateur",https://www.imdb.com/title/tt0899043/,Movie,6.5,122,2025,"Action, Thriller",91452,2025-04-11,"James Hawes",,
188,tt1542344,2025-03-28,2025-03-28,,"127 Hours","127 Hours",https://www.imdb.com/title/tt1542344/,Movie,7.5,94,2010,"Biography, Drama",421412,2011-01-07,"Danny Boyle",,
189,tt0413893,2025-04-24,2025-04-24,,"The Taste of Tea","Cha no aji",https://www.imdb.com/title/tt0413893/,Movie,7.6,143,2004,"Comedy, Fantasy",7797,2005-04-20,"Katsuhito Ishii",,
190,tt28454008,2025-05-04,2025-05-04,,"Lazarus","Lazarus",https://www.imdb.com/title/tt28454008/,TV Series,7.0,24,2025,"Animation, Action, Adventure, Sci-Fi, Thriller",5612,2025-04-06,,,
191,tt12343534,2025-05-04,2025-05-04,,"Jujutsu Kaisen","Jujutsu Kaisen",https://www.imdb.com/title/tt12343534/,TV Series,8.5,24,2020,"Animation, Action, Adventure, Fantasy, Thriller",179854,2020-10-02,,,
192,tt13540382,2025-05-10,2025-05-10,,"Cats of Malta","Cats of Malta",https://www.imdb.com/title/tt13540382/,Movie,7.3,68,2023,"Documentary",82,2023-10-03,"Sarah Jayne",,
193,tt0353969,2025-05-11,2025-05-11,,"Memories of Murder","Salinui chueok",https://www.imdb.com/title/tt0353969/,Movie,8.1,131,2003,"Crime, Drama, Mystery, Thriller",259281,2004-08-13,"Bong Joon Ho",,
194,tt3666024,2025-05-11,2025-05-11,,"The Red Turtle","La tortue rouge",https://www.imdb.com/title/tt3666024/,Movie,7.5,80,2016,"Animation, Drama, Family, Fantasy, Romance",41490,2017-05-26,"Michael Dudok de Wit",,
195,tt0058625,2025-05-11,2025-05-11,,"Woman of the Dunes","Suna no onna",https://www.imdb.com/title/tt0058625/,Movie,8.4,147,1964,"Drama, Thriller",25038,1965,"Hiroshi Teshigahara",,
196,tt0101765,2025-05-11,2025-05-11,,"The Double Life of Véronique","La double vie de Véronique",https://www.imdb.com/title/tt0101765/,Movie,7.6,98,1991,"Drama, Fantasy, Music, Mystery, Romance",56443,1992-02-28,"Krzysztof Kieslowski",,
197,tt31193180,2025-05-13,2025-05-13,,"Sinners","Sinners",https://www.imdb.com/title/tt31193180/,Movie,7.5,137,2025,"Action, Drama, Horror, Music, Thriller",355057,2025-04-18,"Ryan Coogler",,
198,tt9253284,2025-05-14,2025-05-14,,"Andor","Andor",https://www.imdb.com/title/tt9253284/,TV Series,8.6,60,2022,"Action, Adventure, Drama, Fantasy, Sci-Fi, Thriller",264106,2022-09-21,,,
199,tt0093191,2025-05-19,2025-05-19,,"Wings of Desire","Der Himmel über Berlin",https://www.imdb.com/title/tt0093191/,Movie,7.9,128,1987,"Drama, Fantasy, Romance",83018,1988,"Wim Wenders",,
200,tt18346498,2025-06-07,2025-06-07,,"Architecton","Architecton",https://www.imdb.com/title/tt18346498/,Movie,6.4,98,2024,"Documentary",836,2024-10-03,"Victor Kossakovsky",,
201,tt0892769,2025-06-22,2025-06-22,,"How to Train Your Dragon","How to Train Your Dragon",https://www.imdb.com/title/tt0892769/,Movie,8.1,98,2010,"Animation, Action, Adventure, Family, Fantasy",879990,2010-03-31,"Dean DeBlois, Chris Sanders",,
202,tt2075352,2025-06-29,2025-06-29,,"The Substance: Albert Hofmann's LSD","The Substance: Albert Hofmann's LSD",https://www.imdb.com/title/tt2075352/,Movie,7.1,90,2011,"Documentary, Biography, History",892,2012-05-17,"Martin Witz",,
203,tt0070544,2025-07-03,2025-07-03,,"Fantastic Planet","La planète sauvage",https://www.imdb.com/title/tt0070544/,Movie,7.6,72,1973,"Animation, Sci-Fi",41515,1973-12-06,"René Laloux",,
204,tt0063823,2025-07-03,2025-07-03,,"Yellow Submarine","Yellow Submarine",https://www.imdb.com/title/tt0063823/,Movie,7.4,88,1968,"Animation, Adventure, Comedy, Fantasy, Musical",29569,1968-07-17,"George Dunning",,
205,tt0085809,2025-07-03,2025-07-03,,"Koyaanisqatsi","Koyaanisqatsi",https://www.imdb.com/title/tt0085809/,Movie,8.2,86,1982,"Documentary, Music",44224,1983,"Godfrey Reggio",,
206,tt33029001,2025-07-10,2025-07-10,,"Dethroned","Dethroned",https://www.imdb.com/title/tt33029001/,Movie,,,,"Documentary",0,,"Will Foster-Grundy",,
207,tt0092965,2025-07-20,2025-07-20,,"Empire of the Sun","Empire of the Sun",https://www.imdb.com/title/tt0092965/,Movie,7.7,153,1987,"Drama, War",141501,1988-03-23,"Steven Spielberg",,
208,tt3771626,2025-08-21,2025-08-21,,"The Brainwashing of My Dad","The Brainwashing of My Dad",https://www.imdb.com/title/tt3771626/,Movie,7.0,90,2015,"Documentary",1646,2016-03-18,"Jen Senko",,
209,tt33044444,2025-09-27,2025-09-27,,"Orb: On the Movements of the Earth","Chi. Chikyuu no Undou ni Tsuite",https://www.imdb.com/title/tt33044444/,TV Series,8.4,,2024,"Animation, Drama, History, Mystery, Sci-Fi",5798,2024-10-05,,,
210,tt14642342,2025-09-30,2025-09-30,,"Sonny Boy","Sonny Boy",https://www.imdb.com/title/tt14642342/,TV Series,7.6,,2021,"Animation, Drama, Mystery, Sci-Fi",2920,2021-07-16,,,
211,tt5253202,2025-10-05,2025-10-05,,"How Buildings Learn","How Buildings Learn",https://www.imdb.com/title/tt5253202/,TV Mini Series,7.0,,1997,"Documentary",14,1997-07,,,
212,tt0093777,2025-10-13,2025-10-13,,"Prince of Darkness","Prince of Darkness",https://www.imdb.com/title/tt0093777/,Movie,6.7,102,1987,"Fantasy, Horror",54888,1988-05-13,"John Carpenter",,
213,tt0167351,2025-10-18,2025-10-18,,"The Protagonists","The Protagonists",https://www.imdb.com/title/tt0167351/,Movie,5.3,92,1999,"Crime, Thriller",999,1999-09-10,"Luca Guadagnino",,
214,tt0119256,2025-10-28,2025-10-28,,"Hard Eight","Sydney",https://www.imdb.com/title/tt0119256/,Movie,7.1,102,1996,"Crime, Drama",59754,1997-10-17,"Paul Thomas Anderson",,
215,tt1560747,2025-10-28,2025-10-28,,"The Master","The Master",https://www.imdb.com/title/tt1560747/,Movie,7.1,138,2012,"Drama",198857,2012-11-16,"Paul Thomas Anderson",,
216,tt1791528,2025-10-28,2025-10-28,,"Inherent Vice","Inherent Vice",https://www.imdb.com/title/tt1791528/,Movie,6.6,148,2014,"Comedy, Crime, Drama, Mystery, Romance",118404,2015-01-30,"Paul Thomas Anderson",,
217,tt11271038,2025-10-28,2025-10-28,,"Licorice Pizza","Licorice Pizza",https://www.imdb.com/title/tt11271038/,Movie,7.1,133,2021,"Comedy, Drama, Romance",157091,2021-12-28,"Paul Thomas Anderson",,
218,tt0112641,2025-10-31,2025-10-31,,"Casino","Casino",https://www.imdb.com/title/tt0112641/,Movie,8.2,178,1995,"Crime, Drama",611261,1996-02-23,"Martin Scorsese",,
219,tt0405590,2025-11-04,2025-11-04,,"Ramón y Cajal","Ramón y Cajal",https://www.imdb.com/title/tt0405590/,TV Series,7.9,50,1982,"Biography, Drama",62,1982-01-26,,,
220,tt2903538,2025-11-04,2025-11-04,,"The Fly Room","The Fly Room",https://www.imdb.com/title/tt2903538/,Movie,6.1,83,2014,"Biography, Drama",109,2014,"Alexis Gambis",,
221,tt32375555,2025-12-15,2025-12-15,,"The Gene: An Intimate History","The Gene: An Intimate History",https://www.imdb.com/title/tt32375555/,TV Series,,,2020,,0,2020,,,
222,tt8126390,2025-12-15,2025-12-15,,"The Most Unknown","The Most Unknown",https://www.imdb.com/title/tt8126390/,Movie,6.5,92,2018,"Documentary",2249,2018-08-09,"Ian Cheney",,
223,tt0099077,2025-12-16,2025-12-16,,"Awakenings","Awakenings",https://www.imdb.com/title/tt0099077/,Movie,7.8,121,1990,"Biography, Drama",174876,1991-03-15,"Penny Marshall",,
224,tt16227014,2025-12-16,2025-12-16,,"Fire of Love","Fire of Love",https://www.imdb.com/title/tt16227014/,Movie,7.6,98,2022,"Documentary, Biography",16360,2022-11-11,"Sara Dosa",,
225,tt7207238,2025-12-16,2025-12-16,,"Jane","Jane",https://www.imdb.com/title/tt7207238/,Movie,7.8,90,2017,"Documentary, Biography",6188,2017-11-24,"Brett Morgen",,
226,tt0095243,2025-12-16,2025-12-16,,"Gorillas in the Mist","Gorillas in the Mist: The Story of Dian Fossey",https://www.imdb.com/title/tt0095243/,Movie,7.0,129,1988,"Biography, Drama",30998,1989-01-27,"Michael Apted",,
227,tt12042730,2026-01-05,2026-01-05,,"Project Hail Mary","Project Hail Mary",https://www.imdb.com/title/tt12042730/,Movie,,,2026,"Sci-Fi",0,2026-03-20,"Phil Lord, Christopher Miller",,
228,tt15047880,2026-01-05,2026-01-05,,"Disclosure Day","Disclosure Day",https://www.imdb.com/title/tt15047880/,Movie,,,2026,"Sci-Fi, Thriller",0,2026-06-12,"Steven Spielberg",,
229,tt37510326,2026-01-05,2026-01-05,,"The Social Reckoning","The Social Reckoning",https://www.imdb.com/title/tt37510326/,Movie,,,2026,"Biography, Drama",0,2026-10-09,"Aaron Sorkin",,
230,tt36408401,2026-01-05,2026-01-05,,"The Adventures of Cliff Booth","The Adventures of Cliff Booth",https://www.imdb.com/title/tt36408401/,Movie,,,,"Comedy, Crime, Drama, Thriller",0,,"David Fincher",,
231,tt35514120,2026-01-05,2026-01-05,,"Werwulf","Werwulf",https://www.imdb.com/title/tt35514120/,Movie,,,2026,"Horror",0,2026-12-25,"Robert Eggers",,
232,tt31378509,2026-01-05,2026-01-05,,"Dune: Part Three","Dune: Part Three",https://www.imdb.com/title/tt31378509/,Movie,,,2026,"Action, Drama, Sci-Fi",0,2026-12-18,"Denis Villeneuve",,
233,tt21357150,2026-01-05,2026-01-05,,"Avengers: Doomsday","Avengers: Doomsday",https://www.imdb.com/title/tt21357150/,Movie,,,2026,"Action, Adventure, Sci-Fi",0,2026-12-18,"Anthony Russo, Joe Russo",,
234,tt8036976,2026-01-05,2026-01-05,,"Send Help","Send Help",https://www.imdb.com/title/tt8036976/,Movie,,113,2026,"Horror, Thriller",0,2026-02-06,"Sam Raimi",,
235,tt22084616,2026-01-05,2026-01-05,,"Spider-Man: Brand New Day","Spider-Man: Brand New Day",https://www.imdb.com/title/tt22084616/,Movie,,,2026,"Action, Adventure, Fantasy, Sci-Fi",0,2026-07-31,"Destin Daniel Cretton",,
236,tt14364480,2026-01-08,2026-01-08,,"Wake Up Dead Man","Wake Up Dead Man",https://www.imdb.com/title/tt14364480/,Movie,7.4,144,2025,"Comedy, Crime, Drama, Mystery, Thriller",181445,2025-12-12,"Rian Johnson",,
237,tt0249241,2026-01-16,2026-01-16,,"Werckmeister Harmonies","Werckmeister harmóniák",https://www.imdb.com/title/tt0249241/,Movie,7.9,145,2000,"Drama, Mystery",17621,2003-04-18,"Béla Tarr, Ágnes Hranitzky",,
238,tt0111341,2026-01-16,2026-01-16,,"Sátántangó","Sátántangó",https://www.imdb.com/title/tt0111341/,Movie,8.2,439,1994,"Drama",13864,1994-04-28,"Béla Tarr",,
239,tt1316540,2026-01-16,2026-01-16,,"The Turin Horse","A torinói ló",https://www.imdb.com/title/tt1316540/,Movie,7.7,155,2011,"Drama",20954,2012-06-01,"Béla Tarr, Ágnes Hranitzky",,
240,tt0095475,2026-01-16,2026-01-16,,"Damnation","Kárhozat",https://www.imdb.com/title/tt0095475/,Movie,7.6,120,1988,"Crime, Drama, Romance",7434,2001-03-30,"Béla Tarr",,
241,tt0052357,2026-01-16,2026-01-16,,"Vertigo","Vertigo",https://www.imdb.com/title/tt0052357/,Movie,8.2,128,1958,"Mystery, Romance, Thriller",455628,1958-08-07,"Alfred Hitchcock",,
242,tt0053125,2026-01-16,2026-01-16,,"North by Northwest","North by Northwest",https://www.imdb.com/title/tt0053125/,Movie,8.3,136,1959,"Adventure, Drama, Mystery, Thriller",367259,1959-12-18,"Alfred Hitchcock",,
243,tt4263482,2026-01-17,2026-01-17,,"The Witch","The VVitch: A New-England Folktale",https://www.imdb.com/title/tt4263482/,Movie,7.0,92,2015,"Drama, Fantasy, Horror, Mystery, Thriller",346599,2016-03-11,"Robert Eggers",,
244,tt1392214,2026-01-17,2026-01-17,,"Prisoners","Prisoners",https://www.imdb.com/title/tt1392214/,Movie,8.2,153,2013,"Crime, Drama, Mystery, Thriller",914657,2013-09-27,"Denis Villeneuve",,
245,tt0071615,2026-01-17,2026-01-17,,"The Holy Mountain","La montaña sagrada",https://www.imdb.com/title/tt0071615/,Movie,7.7,114,1973,"Adventure, Drama, Fantasy",51800,1975-07-11,"Alejandro Jodorowsky",,
246,tt2084989,2026-01-17,2026-01-17,,"Upstream Colour","Upstream Color",https://www.imdb.com/title/tt2084989/,Movie,6.5,96,2013,"Drama, Mystery, Sci-Fi",35965,2013-08-30,"Shane Carruth",,
247,tt0831888,2026-01-17,2026-01-17,,"Tekkonkinkreet","Tekkon kinkurîto",https://www.imdb.com/title/tt0831888/,Movie,7.5,111,2006,"Animation, Action, Adventure, Crime, Drama, Fantasy",15372,2006-12-23,"Michael Arias, Hiroaki Andô",,
248,tt0452039,2026-01-17,2026-01-17,,"Mind Game","Maindo gêmu",https://www.imdb.com/title/tt0452039/,Movie,7.7,103,2004,"Animation, Adventure, Comedy, Drama, Mystery, Romance",11805,2021-10-28,"Masaaki Yuasa, Kôji Morimoto",,
249,tt0070735,2026-01-17,2026-01-17,,"The Sting","The Sting",https://www.imdb.com/title/tt0070735/,Movie,8.2,129,1973,"Comedy, Crime, Drama",297641,1973-12-26,"George Roy Hill",,
250,tt0139239,2026-01-17,2026-01-17,,"Go","Go",https://www.imdb.com/title/tt0139239/,Movie,7.2,102,1999,"Comedy, Crime",79250,1999-09-03,"Doug Liman",,
251,tt0791205,2026-01-17,2026-01-17,,"Ergo Proxy","Ergo Proxy",https://www.imdb.com/title/tt0791205/,TV Series,7.9,27,2006,"Animation, Action, Adventure, Drama, Mystery, Sci-Fi, Thriller",18431,2006-02-25,,,
