Const,Your Rating,Date Rated,Title,Original Title,URL,Title Type,IMDb Rating,Runtime (mins),Year,Genres,Num Votes,Release Date,Directors
tt1757678,10,2026-01-11,"Avatar: Fire and Ash","Avatar: Fire and Ash",https://www.imdb.com/title/tt1757678,Movie,7.4,197,2025,"Animation, Fantasy, Sci-Fi, Action, Adventure",110361,"2025-12-19","James Cameron"
tt30144839,10,2026-01-10,"One Battle After Another","One Battle After Another",https://www.imdb.com/title/tt30144839,Movie,7.8,161,2025,"Crime, Drama, Thriller, Action",276525,"2025-09-26","Paul Thomas Anderson"
tt32916440,10,2026-01-08,"Marty Supreme","Marty Supreme",https://www.imdb.com/title/tt32916440,Movie,8.2,149,2025,"Drama, Sport",35008,"2025-12-26","Josh Safdie"
tt0469494,10,2026-01-05,"There Will Be Blood","There Will Be Blood",https://www.imdb.com/title/tt0469494,Movie,8.2,158,2007,"Drama",698130,"2008-02-15","Paul Thomas Anderson"
tt2866360,10,2025-12-30,"Coherence","Coherence",https://www.imdb.com/title/tt2866360,Movie,7.2,89,2013,"Sci-Fi, Thriller, Mystery",168788,"2015-02-13","James Ward Byrkit"
tt1312221,10,2025-12-20,"Frankenstein","Frankenstein",https://www.imdb.com/title/tt1312221,Movie,7.5,149,2025,"Horror, Sci-Fi, Drama, Fantasy",233637,"2025-11-07","Guillermo del Toro"
tt0130827,10,2025-11-25,"Run Lola Run","Lola rennt",https://www.imdb.com/title/tt0130827,Movie,7.6,81,1998,"Crime, Thriller, Action",216515,"1999-10-22","Tom Tykwer"
tt0272338,10,2025-11-23,"Punch-Drunk Love","Punch-Drunk Love",https://www.imdb.com/title/tt0272338,Movie,7.3,95,2002,"Drama, Comedy, Thriller, Romance",195432,"2003-02-07","Paul Thomas Anderson"
tt12300742,10,2025-11-18,"Bugonia","Bugonia",https://www.imdb.com/title/tt12300742,Movie,7.4,118,2025,"Sci-Fi, Comedy, Crime",107674,"2025-10-31","Yorgos Lanthimos"
tt0118749,10,2025-10-27,"Boogie Nights","Boogie Nights",https://www.imdb.com/title/tt0118749,Movie,7.9,155,1997,"Drama",301826,"1998-01-16","Paul Thomas Anderson"
tt33022710,10,2025-10-24,"Ocean with David Attenborough","Ocean with David Attenborough",https://www.imdb.com/title/tt33022710,Movie,8.5,95,2025,"Documentary",4828,"2025-05-08","Colin Butfield,Toby Nowlan,Keith Scholey"
tt28288462,10,2025-10-20,"Jane Goodall: Reasons for Hope","Jane Goodall: Reasons for Hope",https://www.imdb.com/title/tt28288462,Movie,8.6,45,2023,"Documentary",48,"2023-05-30","David Lickley"
tt10288566,10,2025-10-04,"Another Round","Druk",https://www.imdb.com/title/tt10288566,Movie,7.7,117,2020,"Drama, Comedy",222179,"2021-07-02","Thomas Vinterberg"
tt35879457,10,2025-09-14,"The Sandman: Death: The High Cost of Living","The Sandman: Death: The High Cost of Living",https://www.imdb.com/title/tt35879457,TV Episode,7.8,58,2025,"Mystery, Drama, Horror, Sci-Fi, Fantasy",2069,"2025-07-31","Jamie Childs"
tt0116922,10,2025-08-08,"Lost Highway","Lost Highway",https://www.imdb.com/title/tt0116922,Movie,7.6,134,1997,"Mystery, Drama, Thriller",168017,"1997-08-22","David Lynch"
tt0362227,10,2025-08-08,"The Terminal","The Terminal",https://www.imdb.com/title/tt0362227,Movie,7.4,128,2004,"Drama, Comedy, Romance",529592,"2004-09-03","Steven Spielberg"
tt21661768,10,2025-07-31,"Love, Death & Robots: Can't Stop","Love, Death & Robots: Can't Stop",https://www.imdb.com/title/tt21661768,TV Episode,4.1,6,2025,"Animation, Short, Comedy, Fantasy, Horror, Sci-Fi, Action, Adventure, Drama, Mystery, Thriller",9106,"2025-05-15","David Fincher"
tt0095705,10,2025-07-30,"The Naked Gun: From the Files of Police Squad!","The Naked Gun: From the Files of Police Squad!",https://www.imdb.com/title/tt0095705,Movie,7.6,85,1988,"Crime, Comedy",218605,"1989-02-10","David Zucker"
tt5950044,10,2025-07-19,"Superman","Superman",https://www.imdb.com/title/tt5950044,Movie,7.1,129,2025,"Action, Adventure, Sci-Fi",379872,"2025-07-11","James Gunn"
tt4900148,10,2025-06-21,"Elio","Elio",https://www.imdb.com/title/tt4900148,Movie,6.7,98,2025,"Animation, Drama, Adventure, Family, Fantasy, Comedy, Sci-Fi",36725,"2025-06-20","Adrian Molina,Madeline Sharafian,Domee Shi"
tt26743210,10,2025-06-21,"How to Train Your Dragon","How to Train Your Dragon",https://www.imdb.com/title/tt26743210,Movie,7.8,125,2025,"Adventure, Action, Family, Fantasy, Comedy, Drama",118475,"2025-06-09","Dean DeBlois"
tt36436543,10,2025-06-17,"Joe List: Small Ball","Joe List: Small Ball",https://www.imdb.com/title/tt36436543,Movie,7.0,56,2025,"Documentary, Comedy",136,"2025-06-06","Willie Rockefeller"
tt11655566,10,2025-06-10,"Lilo & Stitch","Lilo & Stitch",https://www.imdb.com/title/tt11655566,Movie,6.7,108,2025,"Adventure, Family, Action, Comedy, Drama, Fantasy, Sci-Fi",89451,"2025-05-21","Dean Fleischer Camp"
tt2278388,10,2025-06-07,"The Grand Budapest Hotel","The Grand Budapest Hotel",https://www.imdb.com/title/tt2278388,Movie,8.1,99,2014,"Comedy, Drama",954085,"2014-03-07","Wes Anderson"
tt12299608,10,2025-06-06,"Mickey 17","Mickey 17",https://www.imdb.com/title/tt12299608,Movie,6.7,137,2025,"Sci-Fi, Adventure, Fantasy, Comedy",225086,"2025-03-07","Bong Joon Ho"
tt0108399,10,2025-06-02,"True Romance","True Romance",https://www.imdb.com/title/tt0108399,Movie,7.9,119,1993,"Thriller, Drama, Crime, Romance",258403,"1993-10-15","Tony Scott"
tt0109445,10,2025-06-01,"Clerks","Clerks",https://www.imdb.com/title/tt0109445,Movie,7.7,92,1994,"Comedy",239271,"1995-05-05","Kevin Smith"
tt0145547,10,2025-05-30,"Two Hands","Two Hands",https://www.imdb.com/title/tt0145547,Movie,7.1,103,1999,"Thriller, Crime, Comedy",14428,"1999-07-29","Gregor Jordan"
tt23649128,10,2025-05-30,"The Studio","The Studio",https://www.imdb.com/title/tt23649128,TV Series,8.1,30,2025,"Comedy, Drama",55956,"2025-03-26",
tt27503384,10,2025-05-19,"Perfect Days","Perfect Days",https://www.imdb.com/title/tt27503384,Movie,7.9,124,2023,"Drama",98223,"2024-02-23","Wim Wenders"
tt0118884,10,2025-05-12,"Contact","Contact",https://www.imdb.com/title/tt0118884,Movie,7.5,150,1997,"Mystery, Thriller, Sci-Fi, Drama",309727,"1997-09-26","Robert Zemeckis"
tt1483797,10,2025-05-10,"Redline","Redline",https://www.imdb.com/title/tt1483797,Movie,7.5,102,2009,"Animation, Action, Sci-Fi, Sport",20273,"2010-10-09","Takeshi Koike"
tt18923754,10,2025-05-07,"Daredevil: Born Again","Daredevil: Born Again",https://www.imdb.com/title/tt18923754,TV Series,8.1,60,2025,"Action, Crime, Drama, Fantasy, Sci-Fi, Thriller",84736,"2025-03-05",
tt20969586,10,2025-05-04,"Thunderbolts*","Thunderbolts*",https://www.imdb.com/title/tt20969586,Movie,7.1,127,2025,"Action, Adventure, Sci-Fi, Crime, Drama, Fantasy",257832,"2025-05-02","Jake Schreier"
tt0448134,10,2025-04-27,"Sunshine","Sunshine",https://www.imdb.com/title/tt0448134,Movie,7.2,107,2007,"Sci-Fi, Thriller",283461,"2007-04-05","Danny Boyle"
tt0119174,10,2025-04-23,"The Game","The Game",https://www.imdb.com/title/tt0119174,Movie,7.7,129,1997,"Drama, Thriller, Mystery",464835,"1997-10-10","David Fincher"
tt0335266,10,2025-04-19,"Lost in Translation","Lost in Translation",https://www.imdb.com/title/tt0335266,Movie,7.7,102,2003,"Comedy, Drama",522544,"2004-01-09","Sofia Coppola"
tt0095489,10,2025-04-17,"The Land Before Time","The Land Before Time",https://www.imdb.com/title/tt0095489,Movie,7.4,69,1988,"Animation, Drama, Family, Adventure",106018,"1989-07-28","Don Bluth"
tt1677720,10,2025-02-27,"Ready Player One","Ready Player One",https://www.imdb.com/title/tt1677720,Movie,7.4,140,2018,"Sci-Fi, Action, Adventure",534767,"2018-03-28","Steven Spielberg"
tt1637725,10,2025-02-25,"Ted","Ted",https://www.imdb.com/title/tt1637725,Movie,6.9,106,2012,"Comedy",701929,"2012-08-01","Seth MacFarlane"
tt14513804,5,2025-02-23,"Captain America: Brave New World","Captain America: Brave New World",https://www.imdb.com/title/tt14513804,Movie,5.6,118,2025,"Action, Adventure, Sci-Fi",175234,"2025-02-14","Julius Onah"
tt15789038,10,2025-02-18,"Elemental","Elemental",https://www.imdb.com/title/tt15789038,Movie,7.0,101,2023,"Animation, Adventure, Fantasy, Comedy, Romance, Family",160196,"2023-07-07","Peter Sohn"
tt29623480,10,2025-02-18,"The Wild Robot","The Wild Robot",https://www.imdb.com/title/tt29623480,Movie,8.2,102,2024,"Animation, Family, Adventure, Sci-Fi",211143,"2024-10-18","Chris Sanders"
tt8999762,10,2025-02-15,"The Brutalist","The Brutalist",https://www.imdb.com/title/tt8999762,Movie,7.2,216,2024,"Drama",130741,"2025-01-24","Brady Corbet"
tt5040012,10,2025-02-15,"Nosferatu","Nosferatu",https://www.imdb.com/title/tt5040012,Movie,7.1,132,2024,"Horror, Fantasy, Mystery",256017,"2025-01-01","Robert Eggers"
tt1798709,10,2025-02-10,"Her","Her",https://www.imdb.com/title/tt1798709,Movie,8.0,126,2013,"Romance, Sci-Fi, Drama",720000,"2014-02-14","Spike Jonze"
tt3464902,10,2025-02-08,"The Lobster","The Lobster",https://www.imdb.com/title/tt3464902,Movie,7.1,119,2015,"Romance, Sci-Fi, Drama, Thriller",329297,"2015-10-16","Yorgos Lanthimos"
tt0049531,10,2025-02-05,"The Mystery of Picasso","Le mystère Picasso",https://www.imdb.com/title/tt0049531,Movie,7.5,78,1956,"Documentary, Biography, History",2897,"1958-01-17","Henri-Georges Clouzot"
tt0847817,10,2025-02-05,"Helvetica","Helvetica",https://www.imdb.com/title/tt0847817,Movie,7.2,80,2007,"Documentary",8383,"2007-09-12","Gary Hustwit"
tt7984734,10,2025-02-04,"The Lighthouse","The Lighthouse",https://www.imdb.com/title/tt7984734,Movie,7.4,109,2019,"Drama, Fantasy, Mystery, Thriller, Horror",296677,"2020-01-31","Robert Eggers"
tt0086541,10,2025-01-10,"Videodrome","Videodrome",https://www.imdb.com/title/tt0086541,Movie,7.2,87,1983,"Horror, Thriller, Drama, Sci-Fi",111638,"1983-11-25","David Cronenberg"
tt0056193,10,2025-01-04,"Lolita","Lolita",https://www.imdb.com/title/tt0056193,Movie,7.5,153,1962,"Crime, Romance, Drama",114998,"1962-06-21","Stanley Kubrick"
tt8134186,10,2025-01-02,"Devs","Devs",https://www.imdb.com/title/tt8134186,TV Mini Series,7.6,51,2020,"Thriller, Sci-Fi, Drama, Mystery",56197,"2020-04-15",
tt10466872,10,2024-12-26,"Dune: Prophecy","Dune: Prophecy",https://www.imdb.com/title/tt10466872,TV Series,7.3,60,2024,"Action, Adventure, Sci-Fi, Drama",64546,"2024-11-18",
tt13680598,10,2024-12-12,"Puparia","Puparia",https://www.imdb.com/title/tt13680598,Short,7.4,3,2020,"Animation, Short, Fantasy",1803,"2020-11-20","Shingo Tamagawa"
tt13016388,10,2024-12-04,"3 Body Problem","3 Body Problem",https://www.imdb.com/title/tt13016388,TV Series,7.5,60,2024,"Sci-Fi, Adventure, Drama, Fantasy, Mystery",175764,"2024-03-21",
tt0120663,10,2024-12-03,"Eyes Wide Shut","Eyes Wide Shut",https://www.imdb.com/title/tt0120663,Movie,7.5,159,1999,"Mystery, Drama, Thriller",417402,"1999-09-10","Stanley Kubrick"
tt0378194,10,2024-11-28,"Kill Bill: Vol. 2","Kill Bill: Vol. 2",https://www.imdb.com/title/tt0378194,Movie,8.0,137,2004,"Thriller, Crime, Action",859657,"2004-04-23","Quentin Tarantino"
tt1853728,10,2024-11-25,"Django Unchained","Django Unchained",https://www.imdb.com/title/tt1853728,Movie,8.5,165,2012,"Western, Drama",1855736,"2013-01-18","Quentin Tarantino"
tt21056886,10,2024-11-18,"Scavengers Reign","Scavengers Reign",https://www.imdb.com/title/tt21056886,TV Mini Series,8.6,24,2023,"Animation, Drama, Sci-Fi, Adventure",34007,"2024-05-31",
tt15435876,10,2024-11-13,"The Penguin","The Penguin",https://www.imdb.com/title/tt15435876,TV Mini Series,8.6,60,2024,"Crime, Drama",227060,"2024-09-20",
tt4537896,10,2024-10-15,"White Boy Rick","White Boy Rick",https://www.imdb.com/title/tt4537896,Movie,6.5,111,2018,"Crime, Drama",48107,"2018-12-07","Yann Demange"
tt11315808,2,2024-10-06,"Joker: Folie à Deux","Joker: Folie à Deux",https://www.imdb.com/title/tt11315808,Movie,5.2,138,2024,"Musical, Thriller, Drama",177699,"2024-10-04","Todd Phillips"
tt2316411,10,2024-10-02,"Enemy","Enemy",https://www.imdb.com/title/tt2316411,Movie,6.9,91,2013,"Thriller, Mystery, Drama",235397,"2015-01-02","Denis Villeneuve"
tt16358420,10,2024-09-30,"The Penguin: After Hours","The Penguin: After Hours",https://www.imdb.com/title/tt16358420,TV Episode,8.7,67,2024,"Crime, Drama",30730,"2024-09-20","Craig Zobel"
tt26749846,10,2024-09-30,"The Penguin: Inside Man","The Penguin: Inside Man",https://www.imdb.com/title/tt26749846,TV Episode,8.4,56,2024,"Crime, Drama",23936,"2024-09-30","Craig Zobel"
tt5119260,10,2024-09-28,"Orange Sunshine","Orange Sunshine",https://www.imdb.com/title/tt5119260,Movie,7.3,105,2016,"Documentary, Adventure, Biography, History",653,"2016-03-14","William A. Kirkley"
tt0266697,10,2024-09-23,"Kill Bill: Vol. 1","Kill Bill: Vol. 1",https://www.imdb.com/title/tt0266697,Movie,8.2,111,2003,"Action, Thriller, Crime",1288796,"2003-10-17","Quentin Tarantino"
tt1130884,10,2024-09-22,"Shutter Island","Shutter Island",https://www.imdb.com/title/tt1130884,Movie,8.2,138,2010,"Thriller, Mystery, Drama",1613837,"2010-03-12","Martin Scorsese"
tt2096673,10,2024-09-06,"Inside Out","Inside Out",https://www.imdb.com/title/tt2096673,Movie,8.1,95,2015,"Animation, Comedy, Family, Adventure, Drama, Fantasy",899714,"2015-07-24","Pete Docter,Ronnie Del Carmen"
tt1663202,10,2024-08-29,"The Revenant","The Revenant",https://www.imdb.com/title/tt1663202,Movie,8.0,156,2015,"Adventure, Drama, Western",936822,"2016-01-15","Alejandro G. Iñárritu"
tt1856101,10,2024-08-01,"Blade Runner 2049","Blade Runner 2049",https://www.imdb.com/title/tt1856101,Movie,8.0,164,2017,"Sci-Fi, Thriller, Action, Drama, Mystery",741328,"2017-10-05","Denis Villeneuve"
tt6263850,10,2024-07-29,"Deadpool & Wolverine","Deadpool & Wolverine",https://www.imdb.com/title/tt6263850,Movie,7.5,128,2024,"Action, Comedy, Sci-Fi, Adventure",549193,"2024-07-25","Shawn Levy"
tt6966692,10,2024-07-10,"Green Book","Green Book",https://www.imdb.com/title/tt6966692,Movie,8.2,130,2018,"Drama, Biography, Comedy, Music",669727,"2019-01-30","Peter Farrelly"
tt1441395,10,2024-07-09,"Under the Skin","Under the Skin",https://www.imdb.com/title/tt1441395,Movie,6.3,108,2013,"Sci-Fi, Drama, Thriller, Horror, Mystery",168882,"2014-03-14","Jonathan Glazer"
tt11280740,10,2024-07-08,"Severance","Severance",https://www.imdb.com/title/tt11280740,TV Series,8.7,50,2022,"Drama, Thriller, Mystery, Sci-Fi",370403,"2022-02-18",
tt12037194,10,2024-06-15,"Furiosa: A Mad Max Saga","Furiosa: A Mad Max Saga",https://www.imdb.com/title/tt12037194,Movie,7.5,148,2024,"Action, Adventure, Sci-Fi",312818,"2024-05-24","George Miller"
tt3532216,10,2024-05-10,"American Made","American Made",https://www.imdb.com/title/tt3532216,Movie,7.1,115,2017,"Crime, Action, Comedy, Drama, Thriller",230132,"2017-08-25","Doug Liman"
tt0926084,10,2024-05-01,"Harry Potter and the Deathly Hallows: Part 1","Harry Potter and the Deathly Hallows: Part 1",https://www.imdb.com/title/tt0926084,Movie,7.7,146,2010,"Adventure, Mystery, Fantasy, Family",654667,"2010-11-19","David Yates"
tt0417741,10,2024-05-01,"Harry Potter and the Half-Blood Prince","Harry Potter and the Half-Blood Prince",https://www.imdb.com/title/tt0417741,Movie,7.6,153,2009,"Action, Fantasy, Mystery, Family, Adventure",650451,"2009-07-15","David Yates"
tt0373889,10,2024-05-01,"Harry Potter and the Order of the Phoenix","Harry Potter and the Order of the Phoenix",https://www.imdb.com/title/tt0373889,Movie,7.5,138,2007,"Action, Family, Fantasy, Mystery, Adventure",689942,"2007-07-12","David Yates"
tt0295297,10,2024-05-01,"Harry Potter and the Chamber of Secrets","Harry Potter and the Chamber of Secrets",https://www.imdb.com/title/tt0295297,Movie,7.5,161,2002,"Mystery, Family, Adventure, Fantasy",755807,"2002-11-15","Chris Columbus"
tt1201607,10,2024-05-01,"Harry Potter and the Deathly Hallows: Part 2","Harry Potter and the Deathly Hallows: Part 2",https://www.imdb.com/title/tt1201607,Movie,8.1,130,2011,"Adventure, Mystery, Fantasy, Family",1031396,"2011-07-15","David Yates"
tt0304141,10,2024-05-01,"Harry Potter and the Prisoner of Azkaban","Harry Potter and the Prisoner of Azkaban",https://www.imdb.com/title/tt0304141,Movie,7.9,142,2004,"Mystery, Family, Adventure, Fantasy",756156,"2004-05-31","Alfonso Cuarón"
tt0330373,10,2024-05-01,"Harry Potter and the Goblet of Fire","Harry Potter and the Goblet of Fire",https://www.imdb.com/title/tt0330373,Movie,7.7,157,2005,"Mystery, Family, Adventure, Fantasy",742144,"2005-11-18","Mike Newell"
tt0241527,10,2024-05-01,"Harry Potter and the Philosopher's Stone","Harry Potter and the Sorcerer's Stone",https://www.imdb.com/title/tt0241527,Movie,7.7,152,2001,"Family, Adventure, Fantasy",938112,"2001-11-16","Chris Columbus"
tt15239678,10,2024-03-09,"Dune: Part Two","Dune: Part Two",https://www.imdb.com/title/tt15239678,Movie,8.4,166,2024,"Adventure, Drama, Sci-Fi, Action",709305,"2024-03-01","Denis Villeneuve"
tt0910970,10,2024-03-05,"WALL·E","WALL·E",https://www.imdb.com/title/tt0910970,Movie,8.4,98,2008,"Animation, Sci-Fi, Adventure, Family",1302815,"2008-07-18","Andrew Stanton"
tt0113568,10,2024-03-01,"Ghost in the Shell","Kôkaku kidôtai",https://www.imdb.com/title/tt0113568,Movie,7.9,83,1995,"Animation, Thriller, Mystery, Crime, Drama, Sci-Fi, Action",170956,"1995-12-08","Mamoru Oshii"
tt0382932,10,2024-02-23,"Ratatouille","Ratatouille",https://www.imdb.com/title/tt0382932,Movie,8.1,111,2007,"Animation, Comedy, Family, Fantasy, Adventure",926030,"2007-10-12","Brad Bird,Jan Pinkava"
tt1182345,10,2024-02-21,"Moon","Moon",https://www.imdb.com/title/tt1182345,Movie,7.8,97,2009,"Sci-Fi, Drama, Mystery",391835,"2009-07-17","Duncan Jones"
tt0087884,10,2024-02-09,"Paris, Texas","Paris, Texas",https://www.imdb.com/title/tt0087884,Movie,8.1,145,1984,"Drama",137969,"1984-08-23","Wim Wenders"
tt14230458,10,2024-02-06,"Poor Things","Poor Things",https://www.imdb.com/title/tt14230458,Movie,7.8,141,2023,"Romance, Sci-Fi, Comedy, Drama",382292,"2024-01-12","Yorgos Lanthimos"
tt2562232,10,2024-01-31,"Birdman or (The Unexpected Virtue of Ignorance)","Birdman or (The Unexpected Virtue of Ignorance)",https://www.imdb.com/title/tt2562232,Movie,7.7,119,2014,"Comedy, Drama",693391,"2015-01-01","Alejandro G. Iñárritu"
tt0156887,10,2024-01-30,"Perfect Blue","Pâfekuto burû",https://www.imdb.com/title/tt0156887,Movie,8.0,82,1997,"Animation, Mystery, Crime, Drama, Thriller",117505,"1999-05-21","Satoshi Kon"
tt8649252,10,2024-01-28,"Scrapper","Scrapper",https://www.imdb.com/title/tt8649252,Movie,6.9,84,2023,"Comedy, Drama",8089,"2023-08-25","Charlotte Regan"
tt17351924,10,2024-01-21,"Saltburn","Saltburn",https://www.imdb.com/title/tt17351924,Movie,7.0,131,2023,"Thriller, Drama",257410,"2023-11-17","Emerald Fennell"
tt8258074,10,2024-01-21,"Fantastic Fungi","Fantastic Fungi",https://www.imdb.com/title/tt8258074,Movie,7.4,81,2019,"Documentary",12443,"2019-10-11","Louie Schwartzberg"
tt13347662,10,2024-01-16,"Aware: Glimpses of Consciousness","Aware: Glimpses of Consciousness",https://www.imdb.com/title/tt13347662,Movie,7.5,102,2021,"Documentary",197,"2021-09-02","Eric Black,Frauke Sandig"
tt6587046,10,2023-12-26,"The Boy and the Heron","Kimi-tachi wa dô ikiru ka",https://www.imdb.com/title/tt6587046,Movie,7.3,124,2023,"Animation, Adventure, Fantasy, Drama",122557,"2023-12-26","Hayao Miyazaki"
tt0095953,10,2023-12-18,"Rain Man","Rain Man",https://www.imdb.com/title/tt0095953,Movie,8.0,133,1988,"Drama",578599,"1989-03-03","Barry Levinson"
tt0368226,10,2023-11-19,"The Room","The Room",https://www.imdb.com/title/tt0368226,Movie,3.6,99,2003,"Drama",99209,"2003-06-27","Tommy Wiseau"
tt0278504,10,2023-11-15,"Insomnia","Insomnia",https://www.imdb.com/title/tt0278504,Movie,7.2,118,2002,"Mystery, Drama, Thriller",338390,"2002-08-30","Christopher Nolan"
tt0291350,10,2023-11-12,"Millennium Actress","Sennen joyû",https://www.imdb.com/title/tt0291350,Movie,7.8,87,2001,"Animation, Fantasy, Romance, Drama",35945,"2002-09-14","Satoshi Kon"
tt11680606,10,2023-11-07,"Worlds Beyond Earth","Worlds Beyond Earth",https://www.imdb.com/title/tt11680606,Short,8.3,24,2020,"Documentary, Short",25,"2020-01-21","Carter Emmart"
tt28370567,10,2023-11-06,"Deep Sky","Deep Sky",https://www.imdb.com/title/tt28370567,Short,7.7,40,2023,"Documentary, Short",267,"2024-04-19","Nathaniel Kahn"
tt0119396,10,2023-11-01,"Jackie Brown","Jackie Brown",https://www.imdb.com/title/tt0119396,Movie,7.5,154,1997,"Drama, Crime, Thriller",399496,"1998-04-10","Quentin Tarantino"
tt5537002,10,2023-10-20,"Killers of the Flower Moon","Killers of the Flower Moon",https://www.imdb.com/title/tt5537002,Movie,7.5,206,2023,"Drama, Crime, History, Western",300112,"2023-10-20","Martin Scorsese"
tt16968450,10,2023-10-12,"The Wonderful Story of Henry Sugar","The Wonderful Story of Henry Sugar",https://www.imdb.com/title/tt16968450,Short,7.4,40,2023,"Short, Adventure, Comedy, Drama",86163,"2023-09-27","Wes Anderson"
tt0120623,10,2023-10-01,"A Bug's Life","A Bug's Life",https://www.imdb.com/title/tt0120623,Movie,7.2,95,1998,"Animation, Adventure, Comedy, Family",334415,"1999-02-05","John Lasseter,Andrew Stanton"
tt8847712,10,2023-09-19,"The French Dispatch","The French Dispatch of the Liberty, Kansas Evening Sun",https://www.imdb.com/title/tt8847712,Movie,7.1,107,2021,"Comedy, Drama, Romance",164790,"2021-10-22","Wes Anderson"
tt0851578,10,2023-08-07,"Paprika","Paprika",https://www.imdb.com/title/tt0851578,Movie,7.7,90,2006,"Animation, Mystery, Sci-Fi, Thriller, Fantasy, Drama",109779,"2006-11-25","Satoshi Kon"
tt0154506,10,2023-08-05,"Following","Following",https://www.imdb.com/title/tt0154506,Movie,7.4,69,1998,"Crime, Thriller, Mystery",108736,"1999-11-05","Christopher Nolan"
tt0120601,10,2023-07-27,"Being John Malkovich","Being John Malkovich",https://www.imdb.com/title/tt0120601,Movie,7.7,113,1999,"Drama, Comedy, Fantasy",367504,"2000-03-17","Spike Jonze"
tt28455629,10,2023-07-26,"Mark Normand: Soup to Nuts","Mark Normand: Soup to Nuts",https://www.imdb.com/title/tt28455629,TV Special,7.3,53,2023,"Comedy",1386,"2023-07-25","James Webb"
tt6791350,10,2023-07-23,"Guardians of the Galaxy Vol. 3","Guardians of the Galaxy Vol. 3",https://www.imdb.com/title/tt6791350,Movie,7.9,150,2023,"Action, Adventure, Sci-Fi, Comedy, Fantasy",459760,"2023-05-03","James Gunn"
tt15398776,10,2023-07-22,"Oppenheimer","Oppenheimer",https://www.imdb.com/title/tt15398776,Movie,8.2,180,2023,"Biography, Drama, History",991655,"2023-07-21","Christopher Nolan"
tt1517268,10,2023-07-21,"Barbie","Barbie",https://www.imdb.com/title/tt1517268,Movie,6.8,114,2023,"Comedy, Adventure, Fantasy",655261,"2023-07-21","Greta Gerwig"
tt1568921,10,2023-07-19,"Arrietty","Karigurashi no Arietti",https://www.imdb.com/title/tt1568921,Movie,7.6,94,2010,"Animation, Fantasy, Family, Adventure, Drama",115292,"2011-07-29","Hiromasa Yonebayashi"
tt19770238,10,2023-07-15,"Aftersun","Aftersun",https://www.imdb.com/title/tt19770238,Movie,7.6,102,2022,"Drama",123934,"2022-11-18","Charlotte Wells"
tt11987416,7,2023-07-10,"Tom Segura: Sledgehammer","Tom Segura: Sledgehammer",https://www.imdb.com/title/tt11987416,TV Special,7.1,61,2023,"Documentary, Comedy",3278,"2023-07-04","Ryan Polito"
tt0070666,7,2023-07-08,"Serpico","Serpico",https://www.imdb.com/title/tt0070666,Movie,7.7,130,1973,"Biography, Thriller, Crime, Drama",144939,"1974-03-28","Sidney Lumet"
tt14230388,9,2023-07-04,"Asteroid City","Asteroid City",https://www.imdb.com/title/tt14230388,Movie,6.4,105,2023,"Comedy, Romance, Drama, Sci-Fi",141853,"2023-06-23","Wes Anderson"
tt9362722,9,2023-06-11,"Spider-Man: Across the Spider-Verse","Spider-Man: Across the Spider-Verse",https://www.imdb.com/title/tt9362722,Movie,8.5,140,2023,"Animation, Action, Adventure, Sci-Fi, Fantasy, Family",503437,"2023-06-01","Joaquim Dos Santos,Kemp Powers,Justin K. Thompson"
tt17048778,6,2023-05-29,"Apes Together Strong","Apes Together Strong",https://www.imdb.com/title/tt17048778,Movie,7.4,89,2023,"Documentary",405,"2023-05-22","Finley Mulligan,Quinn Mulligan"
tt22074164,9,2023-05-07,"Jury Duty","Jury Duty",https://www.imdb.com/title/tt22074164,TV Series,8.2,29,2023,"Comedy",52624,"2023-04-07",
tt16428256,8,2023-05-01,"Suzume","Suzume no Tojimari",https://www.imdb.com/title/tt16428256,Movie,7.6,122,2022,"Animation, Adventure, Fantasy, Drama",60103,"2023-04-14","Makoto Shinkai"
tt10022158,8,2023-04-24,"Worlds of Ursula K. Le Guin","Worlds of Ursula K. Le Guin",https://www.imdb.com/title/tt10022158,Movie,7.4,68,2018,"Documentary",408,"2018-11-01","Arwen Curry"
tt3581920,9,2023-04-16,"The Last of Us","The Last of Us",https://www.imdb.com/title/tt3581920,TV Series,8.5,50,2023,"Adventure, Horror, Drama, Thriller, Sci-Fi, Action",720209,"2023-01-16",
tt6857112,6,2023-04-09,"Us","Us",https://www.imdb.com/title/tt6857112,Movie,6.8,116,2019,"Thriller, Horror, Mystery",385019,"2019-03-22","Jordan Peele"
tt0383028,8,2023-02-18,"Synecdoche, New York","Synecdoche, New York",https://www.imdb.com/title/tt0383028,Movie,7.5,124,2008,"Drama",103705,"2009-02-05","Charlie Kaufman"
tt11813216,6,2023-02-05,"The Banshees of Inisherin","The Banshees of Inisherin",https://www.imdb.com/title/tt11813216,Movie,7.7,114,2022,"Drama, Comedy",290668,"2022-10-21","Martin McDonagh"
tt11957006,8,2023-02-02,"The Last of Us: When You're Lost in the Darkness","The Last of Us: When You're Lost in the Darkness",https://www.imdb.com/title/tt11957006,TV Episode,9.1,81,2023,"Adventure, Horror, Drama, Thriller, Sci-Fi, Action",122800,"2023-01-16","Craig Mazin"
tt0328832,7,2023-01-22,"The Animatrix","The Animatrix",https://www.imdb.com/title/tt0328832,Video,7.3,102,2003,"Animation, Action, Sci-Fi",90489,"2003-06-02","Peter Chung,Andrew R. Jones,Yoshiaki Kawajiri,Takeshi Koike,Mahiro Maeda,Kôji Morimoto,Shin'ichirô Watanabe"
tt0354522,8,2023-01-19,"Doug Stanhope: Word of Mouth","Doug Stanhope: Word of Mouth",https://www.imdb.com/title/tt0354522,Video,8.1,85,2002,"Comedy",550,"2002-11-02","Kevin Booth"
tt0151804,8,2023-01-16,"Office Space","Office Space",https://www.imdb.com/title/tt0151804,Movie,7.6,89,1999,"Comedy",305689,"1999-02-19","Mike Judge"
tt17076046,7,2023-01-15,"Weird: The Al Yankovic Story","Weird: The Al Yankovic Story",https://www.imdb.com/title/tt17076046,Movie,6.8,108,2022,"Musical, Comedy, Music, Crime, Biography, Action",47665,"2022-11-04","Eric Appel"
tt10324164,8,2023-01-15,"Prehistoric Planet","Prehistoric Planet",https://www.imdb.com/title/tt10324164,TV Series,8.4,,2022,"Animation, Documentary, History",12324,"2022-05-23",
tt1488589,9,2023-01-13,"Pinocchio","Guillermo del Toro's Pinocchio",https://www.imdb.com/title/tt1488589,Movie,7.6,117,2022,"Animation, Musical, Fantasy, Drama, Family, Adventure",142040,"2022-12-09","Guillermo del Toro,Mark Gustafson"
tt11564570,6,2022-12-30,"Glass Onion","Glass Onion",https://www.imdb.com/title/tt11564570,Movie,7.1,139,2022,"Crime, Thriller, Drama, Mystery, Comedy",511749,"2022-12-23","Rian Johnson"
tt1630029,9,2022-12-22,"Avatar: The Way of Water","Avatar: The Way of Water",https://www.imdb.com/title/tt1630029,Movie,7.5,192,2022,"Animation, Action, Adventure, Sci-Fi, Fantasy",594117,"2022-12-16","James Cameron"
tt0405296,7,2022-12-11,"A Scanner Darkly","A Scanner Darkly",https://www.imdb.com/title/tt0405296,Movie,7.0,100,2006,"Animation, Sci-Fi, Thriller, Drama, Mystery, Crime, Comedy",121338,"2006-08-18","Richard Linklater"
tt0071315,9,2022-11-21,"Chinatown","Chinatown",https://www.imdb.com/title/tt0071315,Movie,8.1,130,1974,"Drama, Thriller, Mystery",373712,"1974-08-09","Roman Polanski"
tt19363128,8,2022-11-16,"Prehistoric Planet: Deserts","Prehistoric Planet: Deserts",https://www.imdb.com/title/tt19363128,TV Episode,8.4,40,2022,"Animation, Documentary, History",1031,"2022-05-24",
tt19363126,8,2022-11-16,"Prehistoric Planet: Coasts","Prehistoric Planet: Coasts",https://www.imdb.com/title/tt19363126,TV Episode,8.4,42,2022,"Animation, Documentary, History",1366,"2022-05-23","Adam Valdez"
tt9114286,7,2022-11-14,"Black Panther: Wakanda Forever","Black Panther: Wakanda Forever",https://www.imdb.com/title/tt9114286,Movie,6.6,161,2022,"Action, Adventure, Sci-Fi, Drama",363186,"2022-11-11","Ryan Coogler"
tt13393872,7,2022-11-07,"Severance: Half Loop","Severance: Half Loop",https://www.imdb.com/title/tt13393872,TV Episode,8.0,53,2022,"Drama, Thriller, Mystery, Sci-Fi",13958,"2022-02-18","Ben Stiller"
tt11650328,8,2022-11-07,"Severance: Good News About Hell","Severance: Good News About Hell",https://www.imdb.com/title/tt11650328,TV Episode,8.1,57,2022,"Drama, Thriller, Mystery, Sci-Fi",16404,"2022-02-18","Ben Stiller"
tt0043274,8,2022-11-07,"Alice in Wonderland","Alice in Wonderland",https://www.imdb.com/title/tt0043274,Movie,7.3,75,1951,"Animation, Musical, Adventure, Comedy, Family, Fantasy",164754,"1951-08-20","Clyde Geronimi,Wilfred Jackson,Hamilton Luske,Jack Kinney"
tt15318872,7,2022-11-05,"Werewolf by Night","Werewolf by Night",https://www.imdb.com/title/tt15318872,TV Movie,7.1,52,2022,"Horror, Action, Drama, Mystery, Thriller, Fantasy",78446,"2022-10-07","Michael Giacchino"
tt0074958,9,2022-10-24,"Network","Network",https://www.imdb.com/title/tt0074958,Movie,8.1,121,1976,"Drama",183984,"1977-02-20","Sidney Lumet"
tt21094228,8,2022-10-24,"How to Change Your Mind: Chapter 3: MDMA","How to Change Your Mind: Chapter 3: MDMA",https://www.imdb.com/title/tt21094228,TV Episode,7.7,,2022,"Documentary",190,"2022-07-12","Alison Ellwood,Lucy Walker"
tt14821150,8,2022-10-09,"Vortex","Vortex",https://www.imdb.com/title/tt14821150,Movie,7.4,142,2021,"Drama",10748,"2022-05-13","Gaspar Noé"
tt0119177,8,2022-10-08,"Gattaca","Gattaca",https://www.imdb.com/title/tt0119177,Movie,7.7,106,1997,"Sci-Fi, Drama, Thriller",343556,"1998-03-20","Andrew Niccol"
tt14359090,7,2022-10-08,"Monster: Please Don't Go","Monster: Please Don't Go",https://www.imdb.com/title/tt14359090,TV Episode,7.7,52,2022,"Crime, Drama, Biography, Thriller",6825,"2022-09-21","Clement Virgo"
tt13299456,8,2022-10-08,"Monster: Bad Meat","Monster: Bad Meat",https://www.imdb.com/title/tt13299456,TV Episode,8.2,49,2022,"Crime, Drama, Biography, Thriller",8440,"2022-09-21","Carl Franklin"
tt10954984,7,2022-10-01,"Nope","Nope",https://www.imdb.com/title/tt10954984,Movie,6.8,130,2022,"Horror, Sci-Fi, Mystery, Thriller",310986,"2022-08-12","Jordan Peele"
tt21116404,8,2022-09-21,"The Rehearsal: Apocalypto","The Rehearsal: Apocalypto",https://www.imdb.com/title/tt21116404,TV Episode,8.5,31,2022,"Documentary, Comedy",2101,"2022-08-12","Nathan Fielder"
tt21116406,9,2022-09-21,"The Rehearsal: Pretend Daddy","The Rehearsal: Pretend Daddy",https://www.imdb.com/title/tt21116406,TV Episode,9.0,31,2022,"Documentary, Comedy",2360,"2022-08-19","Nathan Fielder"
tt0087182,6,2022-09-11,"Dune","Dune",https://www.imdb.com/title/tt0087182,Movie,6.2,137,1984,"Sci-Fi, Adventure, Action",191339,"1984-12-14","David Lynch"
tt21094232,7,2022-09-08,"How to Change Your Mind: Chapter 4: Mescaline","How to Change Your Mind: Chapter 4: Mescaline",https://www.imdb.com/title/tt21094232,TV Episode,7.0,,2022,"Documentary",169,"2022-07-12","Alison Ellwood,Lucy Walker"
tt21063178,8,2022-09-08,"How to Change Your Mind: Chapter 1: LSD","How to Change Your Mind: Chapter 1: LSD",https://www.imdb.com/title/tt21063178,TV Episode,7.9,55,2022,"Documentary",278,"2022-07-12","Lucy Walker"
tt12899886,9,2022-09-08,"George Carlin's American Dream","George Carlin's American Dream",https://www.imdb.com/title/tt12899886,TV Series,8.3,217,2022,"Documentary, Biography, Comedy",4418,"2022-05-20",
tt21211540,9,2022-09-08,"George Carlin's American Dream: Part 2","George Carlin's American Dream: Part 2",https://www.imdb.com/title/tt21211540,TV Episode,8.2,105,2022,"Documentary, Biography, Comedy",103,"2022-05-21","Judd Apatow,Michael Bonfiglio"
tt21211536,9,2022-09-08,"George Carlin's American Dream: Part 1","George Carlin's American Dream: Part 1",https://www.imdb.com/title/tt21211536,TV Episode,8.4,112,2022,"Documentary, Biography, Comedy",127,"2022-05-20","Judd Apatow,Michael Bonfiglio"
tt0407887,9,2022-09-03,"The Departed","The Departed",https://www.imdb.com/title/tt0407887,Movie,8.5,151,2006,"Crime, Drama, Thriller",1535128,"2006-10-06","Martin Scorsese"
tt21116402,9,2022-08-29,"The Rehearsal: The Fielder Method","The Rehearsal: The Fielder Method",https://www.imdb.com/title/tt21116402,TV Episode,9.3,32,2022,"Documentary, Comedy",2971,"2022-08-05","Nathan Fielder"
tt10802170,9,2022-08-29,"The Rehearsal","The Rehearsal",https://www.imdb.com/title/tt10802170,TV Series,8.5,30,2022,"Documentary, Comedy",35882,"2022-07-15",
tt1751634,7,2022-08-28,"The Sandman","The Sandman",https://www.imdb.com/title/tt1751634,TV Series,7.6,45,2022,"Mystery, Drama, Horror, Sci-Fi, Fantasy",206877,"2022-08-05",
tt20851874,8,2022-08-20,"Fourth of July","Fourth of July",https://www.imdb.com/title/tt20851874,Movie,6.7,90,2022,"Comedy, Drama",2471,"2022-07-08","Louis C.K."
tt10573626,9,2022-08-07,"The Sandman: The Sound of Her Wings","The Sandman: The Sound of Her Wings",https://www.imdb.com/title/tt10573626,TV Episode,9.2,53,2022,"Mystery, Drama, Horror, Sci-Fi, Fantasy",13800,"2022-08-05","Mairzee Almas"
tt10573624,10,2022-08-07,"The Sandman: 24/7","The Sandman: 24/7",https://www.imdb.com/title/tt10573624,TV Episode,8.4,52,2022,"Mystery, Drama, Horror, Sci-Fi, Fantasy",11460,"2022-08-05","Jamie Childs"
tt10573622,9,2022-08-07,"The Sandman: A Hope in Hell","The Sandman: A Hope in Hell",https://www.imdb.com/title/tt10573622,TV Episode,8.5,44,2022,"Mystery, Drama, Horror, Sci-Fi, Fantasy",9882,"2022-08-05","Jamie Childs"
tt10573620,9,2022-08-07,"The Sandman: Dream a Little Dream of Me","The Sandman: Dream a Little Dream of Me",https://www.imdb.com/title/tt10573620,TV Episode,7.9,46,2022,"Mystery, Drama, Horror, Sci-Fi, Fantasy",8997,"2022-08-05","Jamie Childs"
tt10573618,9,2022-08-07,"The Sandman: Imperfect Hosts","The Sandman: Imperfect Hosts",https://www.imdb.com/title/tt10573618,TV Episode,7.7,37,2022,"Mystery, Drama, Horror, Sci-Fi, Fantasy",9236,"2022-08-05","Jamie Childs"
tt10573616,9,2022-08-05,"The Sandman: Sleep of the Just","The Sandman: Sleep of the Just",https://www.imdb.com/title/tt10573616,TV Episode,8.0,54,2022,"Mystery, Drama, Horror, Sci-Fi, Fantasy",10987,"2022-08-05","Mike Barker"
tt12191076,7,2022-08-01,"Westworld: The Auguries","Westworld: The Auguries",https://www.imdb.com/title/tt12191076,TV Episode,7.2,52,2022,"Sci-Fi, Drama, Mystery",5677,"2022-06-27","Richard J. Lewis"
tt0120669,8,2022-07-29,"Fear and Loathing in Las Vegas","Fear and Loathing in Las Vegas",https://www.imdb.com/title/tt0120669,Movie,7.5,118,1998,"Adventure, Drama, Comedy",316619,"1998-11-13","Terry Gilliam"
tt12810166,7,2022-07-26,"Stranger Things: Chapter Nine: The Piggyback","Stranger Things: Chapter Nine: The Piggyback",https://www.imdb.com/title/tt12810166,TV Episode,9.2,139,2022,"Drama, Horror, Thriller, Sci-Fi, Mystery, Fantasy",60674,"2022-07-01","Matt Duffer,Ross Duffer"
tt11172054,8,2022-07-26,"Stranger Things: Chapter Eight: Papa","Stranger Things: Chapter Eight: Papa",https://www.imdb.com/title/tt11172054,TV Episode,8.7,85,2022,"Drama, Horror, Thriller, Sci-Fi, Mystery, Fantasy",43652,"2022-07-01","Matt Duffer,Ross Duffer"
tt1136608,7,2022-07-25,"District 9","District 9",https://www.imdb.com/title/tt1136608,Movie,7.9,112,2009,"Sci-Fi, Action, Thriller",747128,"2009-09-04","Neill Blomkamp"
tt18555320,8,2022-07-17,"Return to Space","Return to Space",https://www.imdb.com/title/tt18555320,Movie,7.3,128,2022,"Documentary",6087,"2022-04-07","Jimmy Chin,Elizabeth Chai Vasarhelyi"
tt11172022,10,2022-06-25,"Stranger Things: Chapter Seven: The Massacre at Hawkins Lab","Stranger Things: Chapter Seven: The Massacre at Hawkins Lab",https://www.imdb.com/title/tt11172022,TV Episode,9.6,101,2022,"Drama, Horror, Thriller, Sci-Fi, Mystery, Fantasy",78148,"2022-05-27","Matt Duffer,Ross Duffer"
tt11043488,8,2022-06-23,"Stranger Things: Chapter One: The Hellfire Club","Stranger Things: Chapter One: The Hellfire Club",https://www.imdb.com/title/tt11043488,TV Episode,8.1,78,2022,"Drama, Horror, Thriller, Sci-Fi, Mystery, Fantasy",45578,"2022-05-27","Matt Duffer,Ross Duffer"
tt11171932,8,2022-06-23,"Stranger Things: Chapter Two: Vecna's Curse","Stranger Things: Chapter Two: Vecna's Curse",https://www.imdb.com/title/tt11171932,TV Episode,8.1,77,2022,"Drama, Horror, Thriller, Sci-Fi, Mystery, Fantasy",41469,"2022-05-27","Matt Duffer,Ross Duffer"
tt11171954,8,2022-06-23,"Stranger Things: Chapter Three: The Monster and the Superhero","Stranger Things: Chapter Three: The Monster and the Superhero",https://www.imdb.com/title/tt11171954,TV Episode,8.3,63,2022,"Drama, Horror, Thriller, Sci-Fi, Mystery, Fantasy",40415,"2022-05-27","Shawn Levy"
tt11171978,9,2022-06-23,"Stranger Things: Chapter Four: Dear Billy","Stranger Things: Chapter Four: Dear Billy",https://www.imdb.com/title/tt11171978,TV Episode,9.5,78,2022,"Drama, Horror, Thriller, Sci-Fi, Mystery, Fantasy",69175,"2022-05-27","Shawn Levy"
tt11172000,8,2022-06-23,"Stranger Things: Chapter Five: The Nina Project","Stranger Things: Chapter Five: The Nina Project",https://www.imdb.com/title/tt11172000,TV Episode,8.1,76,2022,"Drama, Horror, Thriller, Sci-Fi, Mystery, Fantasy",39687,"2022-05-27","Nimród Antal"
tt11172012,8,2022-06-23,"Stranger Things: Chapter Six: The Dive","Stranger Things: Chapter Six: The Dive",https://www.imdb.com/title/tt11172012,TV Episode,8.5,75,2022,"Drama, Horror, Thriller, Sci-Fi, Mystery, Fantasy",40313,"2022-05-27","Nimród Antal"
tt20723742,6,2022-06-19,"Snoop Dogg's F*Cn Around Comedy Special","Snoop Dogg's F*cn Around Comedy Special",https://www.imdb.com/title/tt20723742,TV Special,5.2,67,2022,"Documentary, Comedy",654,"2022-06-16","Ryan Polito"
tt10298810,6,2022-06-18,"Lightyear","Lightyear",https://www.imdb.com/title/tt10298810,Movie,6.1,105,2022,"Animation, Adventure, Sci-Fi, Action, Comedy, Family",134515,"2022-08-25","Angus MacLane"
tt20723672,5,2022-06-08,"Bill Burr Presents: Friends Who Kill","Bill Burr Presents: Friends Who Kill",https://www.imdb.com/title/tt20723672,TV Special,4.6,73,2022,"Documentary, Comedy",2972,"2022-06-06","Ryan Polito"
tt6710474,10,2022-06-05,"Everything Everywhere All at Once","Everything Everywhere All at Once",https://www.imdb.com/title/tt6710474,Movie,7.7,139,2022,"Sci-Fi, Adventure, Comedy, Fantasy, Action, Drama",618683,"2022-05-13","Daniel Kwan,Daniel Scheinert"
tt11379584,9,2022-05-29,"Luzzu","Luzzu",https://www.imdb.com/title/tt11379584,Movie,6.9,94,2021,"Drama",2145,"2022-05-27","Alex Camilleri"
tt19885626,9,2022-05-26,"Ricky Gervais: SuperNature","Ricky Gervais: SuperNature",https://www.imdb.com/title/tt19885626,TV Special,7.6,64,2022,"Comedy",24880,"2022-05-24","John L. Spencer"
tt0759812,9,2022-05-22,"Cosmos: The Shores of the Cosmic Ocean","Cosmos: The Shores of the Cosmic Ocean",https://www.imdb.com/title/tt0759812,TV Episode,8.9,60,1980,"Documentary",917,"1981-06-17","Adrian Malone,Geoffrey Haines-Stiles,Rob McCain,David F. Oyster,Tom Weidlinger,Richard J. Wells"
tt5071412,8,2022-05-16,"Ozark","Ozark",https://www.imdb.com/title/tt5071412,TV Series,8.4,60,2017,"Drama, Crime, Thriller",385778,"2017-07-21",
tt0765010,7,2022-05-15,"Brothers","Brothers",https://www.imdb.com/title/tt0765010,Movie,7.1,105,2009,"Drama, War, Thriller",168981,"2010-01-22","Jim Sheridan"
tt12712624,7,2022-05-08,"Ozark: The Cousin of Death","Ozark: The Cousin of Death",https://www.imdb.com/title/tt12712624,TV Episode,8.7,55,2022,"Drama, Crime, Thriller",5354,"2022-04-29","Amanda Marsalis"
tt9419884,8,2022-05-08,"Doctor Strange in the Multiverse of Madness","Doctor Strange in the Multiverse of Madness",https://www.imdb.com/title/tt9419884,Movie,6.9,126,2022,"Action, Fantasy, Adventure, Sci-Fi",536017,"2022-05-05","Sam Raimi"
tt0157016,9,2022-04-08,"I Stand Alone","Seul contre tous",https://www.imdb.com/title/tt0157016,Movie,7.2,93,1998,"Crime, Thriller, Drama",27395,"1999-03-19","Gaspar Noé"
tt11466222,7,2022-03-24,"Jackass Forever","Jackass Forever",https://www.imdb.com/title/tt11466222,Movie,6.8,96,2022,"Documentary, Comedy, Action",54360,"2022-02-04","Jeff Tremaine"
tt5116302,7,2022-03-20,"Togo","Togo",https://www.imdb.com/title/tt5116302,Movie,7.9,113,2019,"Drama, Adventure, Biography, Family, History",61025,"2020-03-24","Ericson Core"
tt0457430,9,2022-03-18,"Pan's Labyrinth","El laberinto del fauno",https://www.imdb.com/title/tt0457430,Movie,8.2,118,2006,"Drama, Fantasy, War",741319,"2006-11-24","Guillermo del Toro"
tt16478030,9,2022-03-13,"Louis C.K.: Sorry","Louis C.K.: Sorry",https://www.imdb.com/title/tt16478030,TV Special,7.7,63,2021,"Comedy",4264,"2021-12-18","Louis C.K."
tt1706620,7,2022-03-13,"Snowpiercer","Snowpiercer",https://www.imdb.com/title/tt1706620,Movie,7.1,126,2013,"Sci-Fi, Thriller, Action",416514,"2018-10","Bong Joon Ho"
tt16023768,8,2022-03-06,"The Problem with Jon Stewart: Stock Market","The Problem with Jon Stewart: Stock Market",https://www.imdb.com/title/tt16023768,TV Episode,7.7,50,2022,"Talk-Show, Comedy",180,"2022-03-03","Paul Pennolino"
tt1877830,8,2022-03-06,"The Batman","The Batman",https://www.imdb.com/title/tt1877830,Movie,7.8,176,2022,"Action, Crime, Drama, Thriller, Mystery",911281,"2022-03-04","Matt Reeves"
tt0824736,7,2022-02-23,"Serial Experiments Lain: Weird","Serial Experiments Lain: Weird",https://www.imdb.com/title/tt0824736,TV Episode,7.6,25,1998,"Animation, Horror, Drama, Sci-Fi, Mystery",850,"1998-07-06","Ryûtarô Nakamura"
tt0652168,6,2022-02-23,"Mr. Show with Bob and David: We Regret to Inform You","Mr. Show with Bob and David: We Regret to Inform You",https://www.imdb.com/title/tt0652168,TV Episode,7.7,29,1995,"Comedy",300,"1995-11-17","Troy Miller,John Moffitt,Stacy Peralta"
tt0652169,6,2022-02-23,"Mr. Show with Bob and David: What to Think","Mr. Show with Bob and David: What to Think",https://www.imdb.com/title/tt0652169,TV Episode,8.3,30,1995,"Comedy",345,"1995-11-10","Troy Miller,John Moffitt"
tt0652165,8,2022-02-23,"Mr. Show with Bob and David: The Cry of a Hungry Baby","Mr. Show with Bob and David: The Cry of a Hungry Baby",https://www.imdb.com/title/tt0652165,TV Episode,7.3,28,1995,"Comedy",409,"1995-11-03","John Moffitt,Troy Miller"
tt1992935,7,2022-02-20,"Mononoke","Mononoke",https://www.imdb.com/title/tt1992935,TV Mini Series,8.1,25,2007,"Animation, Horror, Fantasy, Mystery",3877,"2023-03-01",
tt0293416,6,2022-02-12,"Metropolis","Metoroporisu",https://www.imdb.com/title/tt0293416,Movie,7.2,108,2001,"Animation, Drama, Sci-Fi, Adventure",23797,"2002-01-11","Rintarô"
